policy_number,effective_date,broker_fee,commission,broker,policy_type,carrier,expiration_date,broker_fee_amount,commission_amount,source_file
GL Monthly Payment,2024-01-02,$0.00,$0.00,Adrian,Monthly Payment,Ipfs,2025-01-02,0.0,0.0,Sales Epay 2024 - Sheet1.csv
CP 1835458,2024-01-02,$300.00,$0.00,Mike,Glandcommercial Prop,Btis,2025-01-02,300.0,0.0,Sales Epay 2024 - Sheet1.csv
Endorsement,2024-01-04,$100.10,$6.52,Grey,General Liability,Limits Endorsement,2025-01-04,100.1,6.52,Sales Epay 2024 - Sheet1.csv
2nd Payment,2024-01-04,$0.00,$0.00,Justin,Gl 2nd Payment,Ssic,2025-01-04,0.0,0.0,Sales Epay 2024 - Sheet1.csv
Monthly Payment,2024-01-04,$0.00,$0.00,Chelsea,General Liability,Monthly Payment,2025-01-04,0.0,0.0,Sales Epay 2024 - Sheet1.csv
ISCP04000020954,2024-01-05,$350.00,$566.14,Mike,Gl,Ssic,2025-01-05,350.0,566.14,Sales Epay 2024 - Sheet1.csv
Audit,2024-01-05,$0.00,$91.20,Jon,General Liability,Shield Zoom,2025-01-05,0.0,91.2,Sales Epay 2024 - Sheet1.csv
Endorsement,2024-01-06,$100.00,$158.77,Justin,General Liability,Multi-residential End,2025-01-06,100.0,158.77,Sales Epay 2024 - Sheet1.csv
Refund,2024-01-08,$0.00,$0.00,Adrian/eduardo,Refund,Refund,2025-01-08,0.0,0.0,Sales Epay 2024 - Sheet1.csv
Audit Payment,2024-01-09,$0.00,$140.39,Jon,Zoom,Audit Payment,2025-01-09,0.0,140.39,Sales Epay 2024 - Sheet1.csv
Endorsement ,2024-01-10,$200.00,$78.15,Jmg/randall,Endorsement,Aiandwosandpw,2025-01-10,200.0,78.15,Sales Epay 2024 - Sheet1.csv
Broker Fee,2024-01-12,$230.00,$0.00,Grey,General Liability,Broker Fee,2025-01-12,230.0,0.0,Sales Epay 2024 - Sheet1.csv
Audit,2024-01-13,$0.00,$49.35,Jon,General Liability,Zoom,2025-01-13,0.0,49.35,Sales Epay 2024 - Sheet1.csv
2nd payment,2024-01-16,$0.00,$0.00,Mike,2nd Payment,Ssic,2025-01-16,0.0,0.0,Sales Epay 2024 - Sheet1.csv
2nd payment,2024-01-17,$0.00,$0.00,Chelsea,General Liability,2nd Payment,2025-01-17,0.0,0.0,Sales Epay 2024 - Sheet1.csv
GL monthly payment,2024-01-18,$0.00,$0.00,Mike,Monthly Payment,Ssic,2025-01-18,0.0,0.0,Sales Epay 2024 - Sheet1.csv
Partial refund ,2024-01-18,$0.00,$0.00,Grey,Partial Refund,Partial Refund,2025-01-18,0.0,0.0,Sales Epay 2024 - Sheet1.csv
Audit,2024-01-19,$0.00,$171.92,Jon,General Liability,Zoom,2025-01-19,0.0,171.92,Sales Epay 2024 - Sheet1.csv
E&O mothly payment,2024-01-20,$0.00,$0.00,Mark,Monthly Payment,Appalachian,2025-01-20,0.0,0.0,Sales Epay 2024 - Sheet1.csv
Audit,2024-01-23,$0.00,$368.50,Jon,General Liability,Zoom,2025-01-23,0.0,368.5,Sales Epay 2024 - Sheet1.csv
Broker Fee,2024-01-25,$200.00,$0.00,Mike,General Liability,Broker Fee,2025-01-25,200.0,0.0,Sales Epay 2024 - Sheet1.csv
SCB-GL-000042099,2024-01-25,$0.00,$0.00,Sean,Gl 2nd Payment,Osic,2025-01-25,0.0,0.0,Sales Epay 2024 - Sheet1.csv
Payment IPFS,2024-01-25,$0.00,$0.00,Justin,Monthly Payment,Ssic,2025-01-25,0.0,0.0,Sales Epay 2024 - Sheet1.csv
Endorsement,2024-01-25,$200.00,$25.95,Jmg/randall,General Liability,Snow,2025-01-25,200.0,25.95,Sales Epay 2024 - Sheet1.csv
VOIDED,2024-01-25,$0.00,$0.00,Justin,Voided,Voided,2025-01-25,0.0,0.0,Sales Epay 2024 - Sheet1.csv
VOIDED,2024-01-25,$0.00,$0.00,Justin,Voided,Voided,2025-01-25,0.0,0.0,Sales Epay 2024 - Sheet1.csv
VOIDED,2024-01-26,$0.00,$0.00,Mike,Voided,Voided,2025-01-26,0.0,0.0,Sales Epay 2024 - Sheet1.csv
GLSISTC005705024,2024-01-26,$300.00,$209.14,Grey,Gl And Equipment,Tcic,2025-01-26,300.0,209.14,Sales Epay 2024 - Sheet1.csv
Endorsement ,2024-01-29,$200.00,$15.00,Jmg/randall,General Liability,Comp Ops Endorsement,2025-01-29,200.0,15.0,Sales Epay 2024 - Sheet1.csv
Audit,2024-01-29,$0.00,$39.91,Jon,General Liability,Zoom,2025-01-29,0.0,39.91,Sales Epay 2024 - Sheet1.csv
2nd payment,2024-01-31,$0.00,$0.00,Justin,General Liability,2nd Payment,2025-01-31,0.0,0.0,Sales Epay 2024 - Sheet1.csv
Second Payment ,2024-01-31,$0.00,$0.00,Jmg/randall,Gl Renewal,Second Payment,2025-01-31,0.0,0.0,Sales Epay 2024 - Sheet1.csv
ISCPC04000023111,2024-02-01,$600.00,$872.45,Chris H,Gl And Equipment,Ssic,2025-02-01,600.0,872.45,Sales Epay 2024 - Sheet1.csv
2nd payment,2024-02-01,$0.00,$0.00,Grey,General Liability,2nd Payment,2025-02-01,0.0,0.0,Sales Epay 2024 - Sheet1.csv
Audit ,2024-02-02,$0.00,$182.75,Jon,General Liability,Zoom,2025-02-02,0.0,182.75,Sales Epay 2024 - Sheet1.csv
Audit ,2024-02-02,$0.00,$140.39,Jon,General Liability,Zoom,2025-02-02,0.0,140.39,Sales Epay 2024 - Sheet1.csv
Endorsement,2024-02-02,$200.10,$61.77,Jmg/randall,General Liability,Comp Ops Endorsement,2025-02-02,200.1,61.77,Sales Epay 2024 - Sheet1.csv
Broker Fee,2024-02-05,$250.00,$0.00,Grey,General Liability,Broker Fee,2025-02-05,250.0,0.0,Sales Epay 2024 - Sheet1.csv
Full Refund,2024-02-06,$0.00,$0.00,Adrian,Full Refund,Full Refund,2025-02-06,0.0,0.0,Sales Epay 2024 - Sheet1.csv
VOIDED,2024-02-06,$0.00,$0.00,Mark,Voided,Voided,2025-02-06,0.0,0.0,Sales Epay 2024 - Sheet1.csv
Refund,2024-02-06,$0.00,$0.00,Mike,Refund,Refund,2025-02-06,0.0,0.0,Sales Epay 2024 - Sheet1.csv
Audit,2024-02-06,$0.00,$91.20,Jon,General Liability,Shield Zoom,2025-02-06,0.0,91.2,Sales Epay 2024 - Sheet1.csv
2nd payment,2024-02-07,$0.00,$0.00,Sean,General Liability,2nd Payment,2025-02-07,0.0,0.0,Sales Epay 2024 - Sheet1.csv
Audit,2024-02-07,$0.00,$822.59,Jon,General Liability,Zoom,2025-02-07,0.0,822.59,Sales Epay 2024 - Sheet1.csv
Flat Cancelled,2024-02-08,$0.00,$0.00,Chris H,Refund,Refund,2025-02-08,0.0,0.0,Sales Epay 2024 - Sheet1.csv
Endorsement ,2024-02-08,$0.00,$78.12,Adrian,General Liability,Aiandwos,2025-02-08,0.0,78.12,Sales Epay 2024 - Sheet1.csv
Audit,2024-02-08,$0.00,$26.24,Jon,General Liability,Zoom,2025-02-08,0.0,26.24,Sales Epay 2024 - Sheet1.csv
Full Refund,2024-02-09,$0.00,$0.00,Grey,Full Refund,Full Refund,2025-02-09,0.0,0.0,Sales Epay 2024 - Sheet1.csv
Refund,2024-02-09,$0.00,$0.00,Sean,Refund,Refund,2025-02-09,0.0,0.0,Sales Epay 2024 - Sheet1.csv
Endorsement,2024-02-09,$0.00,$75.40,Grey,General Liability,Per Project Endors,2025-02-09,0.0,75.4,Sales Epay 2024 - Sheet1.csv
ISCPC04000023826,2024-02-12,$250.00,$268.71,Chelsea,Glandequipment,Ssic And Certain U. Lloyd's,2025-02-12,250.0,268.71,Sales Epay 2024 - Sheet1.csv
VOIDED,2024-02-12,$0.00,$0.00,Mark,Voided,Voided,2025-02-12,0.0,0.0,Sales Epay 2024 - Sheet1.csv
2nd payment,2024-02-12,$0.00,$0.00,Chelsea,General Liability,2nd Payment,2025-02-12,0.0,0.0,Sales Epay 2024 - Sheet1.csv
GL monthly payment,2024-02-13,$0.00,$0.00,Chelsea,General Liability,Monthly Payment,2025-02-13,0.0,0.0,Sales Epay 2024 - Sheet1.csv
VOIDED,2024-02-13,$0.00,$0.00,Mike,Voided,Voided,2025-02-13,0.0,0.0,Sales Epay 2024 - Sheet1.csv
Endorsement ,2024-02-14,$54.49,$41.33,Chelsea,General Liability,Limits Endorsement,2025-02-14,54.49,41.33,Sales Epay 2024 - Sheet1.csv
Refund,2024-02-16,$0.00,$0.00,Adrian,General Liability,Osic,2025-02-16,0.0,0.0,Sales Epay 2024 - Sheet1.csv
Endorsement,2024-02-16,$100.00,$16.12,Grey,General Liability,Limits Endorsement,2025-02-16,100.0,16.12,Sales Epay 2024 - Sheet1.csv
NXT77R779T-00-CP,2024-02-19,$300.00,$0.00,Mike,Cp Renewal,Next,2025-02-19,300.0,0.0,Sales Epay 2024 - Sheet1.csv
Broker Fee,2024-02-20,$200.00,$0.00,Grey,General Liability,Broker Fee,2025-02-20,200.0,0.0,Sales Epay 2024 - Sheet1.csv
Endorsement,2024-02-20,$29.06,$3.14,Chelsea,General Liability,Limits Endorsement,2025-02-20,29.06,3.14,Sales Epay 2024 - Sheet1.csv
Refund,2024-02-21,$0.00,$0.00,Chelsea,Refund,Refund,2025-02-21,0.0,0.0,Sales Epay 2024 - Sheet1.csv
Endorsement,2024-02-21,$100.00,$13.44,Mike,General Liability,Limits Endorsement,2025-02-21,100.0,13.44,Sales Epay 2024 - Sheet1.csv
Refund,2024-02-21,$0.00,$0.00,Chelsea,Refund,Refund,2025-02-21,0.0,0.0,Sales Epay 2024 - Sheet1.csv
Endorsement,2024-02-21,$0.00,$14.07,Chris H,General Liabilty,Specific Endorsement,2025-02-21,0.0,14.07,Sales Epay 2024 - Sheet1.csv
GL Monthly Payment,2024-02-21,$0.00,$0.00,Mike,General Liabilty,Monthly Payment,2025-02-21,0.0,0.0,Sales Epay 2024 - Sheet1.csv
Second payment ,2024-02-22,$0.00,$0.00,Jmg/randall,Gl Rewrite,Second Payment,2025-02-22,0.0,0.0,Sales Epay 2024 - Sheet1.csv
SCB-GL-000044904,2024-02-22,$250.00,$297.44,Dale,Gl Andequipment,Osic,2025-02-22,250.0,297.44,Sales Epay 2024 - Sheet1.csv
Audit,2024-02-23,$0.00,$623.00,Jon,General Liability,Pathpoint,2025-02-23,0.0,623.0,Sales Epay 2024 - Sheet1.csv
Endrosement ,2024-02-23,$200.00,$65.47,Jmg/randall,General Liability,Aiandwos,2025-02-23,200.0,65.47,Sales Epay 2024 - Sheet1.csv
Endorsement,2024-02-23,$0.00,$80.77,Mike,General Liability,House Of Worship,2025-02-23,0.0,80.77,Sales Epay 2024 - Sheet1.csv
VOIDED,2024-02-23,$0.00,$0.00,Mike,Voided,Voided,2025-02-23,0.0,0.0,Sales Epay 2024 - Sheet1.csv
Second Payment ,2024-02-23,$0.00,$0.00,Jmg/randall,General Liability,Second Payment,2025-02-23,0.0,0.0,Sales Epay 2024 - Sheet1.csv
Endorsement ,2024-02-24,$150.00,$0.00,Eduardo,Workers Comp,Wc Limits Endorsement,2025-02-24,150.0,0.0,Sales Epay 2024 - Sheet1.csv
Audit,2024-02-26,$0.00,$635.19,Jon,General Liability,Zoom,2025-02-26,0.0,635.19,Sales Epay 2024 - Sheet1.csv
Endorsement,2024-02-26,$95.51,$4.91,Mike,General Liability,Limits Endorsement,2025-02-26,95.51,4.91,Sales Epay 2024 - Sheet1.csv
Endorsement,2024-02-26,$0.00,$0.00,Jmg/randall,Bond Endorsement,Endorsement To 50k,2025-02-26,0.0,0.0,Sales Epay 2024 - Sheet1.csv
SCB-GL-000045441,2024-02-28,$0.00,$0.00,Eduardo,General Liability,2nd Payment,2025-02-28,0.0,0.0,Sales Epay 2024 - Sheet1.csv
100839776,2024-02-29,$100.00,$33.00,Jmg/randall,Simple Bonds,Bond,2025-02-28,100.0,33.0,Sales Epay 2024 - Sheet1.csv
Endorsement,2024-02-29,$100.00,$13.12,Mike,General Liability,Gl Endorsement,2025-02-28,100.0,13.12,Sales Epay 2024 - Sheet1.csv
Test,2024-03-01,$0.00,$0.00,Jon,Test,Test,2025-03-01,0.0,0.0,Sales Epay 2024 - Sheet1.csv
Audit,2024-03-01,$0.00,$140.39,Jon,General Liability,Zoom,2025-03-01,0.0,140.39,Sales Epay 2024 - Sheet1.csv
Endorsement ,2024-03-01,$200.00,$64.86,Jmg/randall,General Liability,Aiandwos,2025-03-01,200.0,64.86,Sales Epay 2024 - Sheet1.csv
GLSISTC005907124,2024-03-04,"$1,000.00","$1,611.14",Jmg/randall,Glandexcess Rewrite,Tcicandssic,2025-03-04,1000.0,1611.14,Sales Epay 2024 - Sheet1.csv
Audit,2024-03-04,$0.00,"$1,055.68",Jon,General Liability,Zoom,2025-03-04,0.0,1055.68,Sales Epay 2024 - Sheet1.csv
2nd payment,2024-03-05,$0.00,$0.00,Grey,General Liability,2nd Payment,2025-03-05,0.0,0.0,Sales Epay 2024 - Sheet1.csv
2nd payment,2024-03-06,$0.00,$0.00,Chelsea,General Liability,2nd Payment,2025-03-06,0.0,0.0,Sales Epay 2024 - Sheet1.csv
Endorsement ,2024-03-06,$111.00,$15.73,Mark,General Liability,Limits Endorsement,2025-03-06,111.0,15.73,Sales Epay 2024 - Sheet1.csv
Second Payment ,2024-03-06,$0.00,$0.00,Jmg/randall,General Liability,Second Payment,2025-03-06,0.0,0.0,Sales Epay 2024 - Sheet1.csv
Endorsement ,2024-03-06,$150.00,$72.22,Grey,General Liability,Limits Endorsement,2025-03-06,150.0,72.22,Sales Epay 2024 - Sheet1.csv
Audit,2024-03-06,$0.00,$0.00,Jon,General Liabilty,Zoom,2025-03-06,0.0,0.0,Sales Epay 2024 - Sheet1.csv
ISCCX03000003402,2024-03-07,$450.00,$467.39,Mark,Excess And Endorsment,Endorsement,2025-03-07,450.0,467.39,Sales Epay 2024 - Sheet1.csv
Audit,2024-03-07,$0.00,$676.38,Jon,General Liability,Zoom,2025-03-07,0.0,676.38,Sales Epay 2024 - Sheet1.csv
Audit,2024-03-08,$0.00,$91.20,Jon,General Liability,Zoom,2025-03-08,0.0,91.2,Sales Epay 2024 - Sheet1.csv
2nd payment,2024-03-10,$0.00,$0.00,Mark,General Liability,2nd Payment,2025-03-10,0.0,0.0,Sales Epay 2024 - Sheet1.csv
Endorsement ,2024-03-11,$101.12,$7.63,Chelsea,General Liability,Endorsement Limits Endorsement,2025-03-11,101.12,7.63,Sales Epay 2024 - Sheet1.csv
2nd Payment,2024-03-11,$0.00,$0.00,Eduardo,General Liability,2nd Payment,2025-03-11,0.0,0.0,Sales Epay 2024 - Sheet1.csv
Audit,2024-03-11,$0.00,$686.11,Jon,General Liability,Zoom,2025-03-11,0.0,686.11,Sales Epay 2024 - Sheet1.csv
Endorsement,2024-03-12,$0.00,$75.63,Adrian,General Liability,Ai Endorsement,2025-03-12,0.0,75.63,Sales Epay 2024 - Sheet1.csv
Broker Fee,2024-03-12,$400.00,$0.00,Jmg/randall,Gl Renewal Bf,Tokio Marine,2025-03-12,400.0,0.0,Sales Epay 2024 - Sheet1.csv
GLSISTC005965424,2024-03-13,$300.00,$211.28,Collin,Glandequipment,Osic,2025-03-13,300.0,211.28,Sales Epay 2024 - Sheet1.csv
Endorsement ,2024-03-13,$200.00,$13.61,Jmg/randall,General Liability,Limits Endorsement,2025-03-13,200.0,13.61,Sales Epay 2024 - Sheet1.csv
Endorsement,2024-03-13,$100.00,$11.97,Bryan,General Liability,Limits Endorsement,2025-03-13,100.0,11.97,Sales Epay 2024 - Sheet1.csv
ISCPC04000026476,2024-03-14,$300.00,$326.19,Chris H,Gl And Equipment,Ssic,2025-03-14,300.0,326.19,Sales Epay 2024 - Sheet1.csv
Endorsement ,2024-03-14,$200.00,$64.96,Jmg/randall,General Liability,Comp Ops,2025-03-14,200.0,64.96,Sales Epay 2024 - Sheet1.csv
Audit ,2024-03-14,$0.00,$495.00,Jon,General Liability,Zoom,2025-03-14,0.0,495.0,Sales Epay 2024 - Sheet1.csv
SCB-GL-000047549,2024-03-14,$350.00,$415.42,Grey,General Liability And Excess,Osic And Ssic,2025-03-14,350.0,415.42,Sales Epay 2024 - Sheet1.csv
2nd payment ,2024-03-15,$0.00,$0.00,Eduardo,Gl Rewrite,Second Payment,2025-03-15,0.0,0.0,Sales Epay 2024 - Sheet1.csv
Endorsement ,2024-03-15,$200.00,$61.76,Jmg/randall,General Liability,Aiandwosandpw,2025-03-15,200.0,61.76,Sales Epay 2024 - Sheet1.csv
10026455,2024-03-18,$150.00,$0.00,Jmg/randall,Bonds Express,Bond Renewal,2025-03-18,150.0,0.0,Sales Epay 2024 - Sheet1.csv
Audit,2024-03-19,$0.00,$186.06,Jon,General Liability,Zoom,2025-03-19,0.0,186.06,Sales Epay 2024 - Sheet1.csv
Endorsement,2024-03-19,$100.00,$97.53,Mike,General Liability,Limitsandai Endorsement,2025-03-19,100.0,97.53,Sales Epay 2024 - Sheet1.csv
Endorsement,2024-03-19,$75.00,$30.00,Chelsea,General Liability,Single Ai,2025-03-19,75.0,30.0,Sales Epay 2024 - Sheet1.csv
Payment to Carrier,2024-03-19,$0.00,$0.00,Chelsea,Workers Comp,Payment To Carrier,2025-03-19,0.0,0.0,Sales Epay 2024 - Sheet1.csv
Endorsement,2024-03-19,$150.00,$75.46,Grey,General Liability,Aiandwosandpw,2025-03-19,150.0,75.46,Sales Epay 2024 - Sheet1.csv
Endorsement,2024-03-19,$75.75,$75.64,Chelsea,Gl Endorsement,Aiandwosandpw,2025-03-19,75.75,75.64,Sales Epay 2024 - Sheet1.csv
Second Payment ,2024-03-20,$0.00,$0.00,Eduardo,Gl Rewrite,Second Payment,2025-03-20,0.0,0.0,Sales Epay 2024 - Sheet1.csv
Endorsement,2024-03-21,$102.30,$76.16,Chelsea,General Liability,Endorsement,2025-03-21,102.3,76.16,Sales Epay 2024 - Sheet1.csv
2nd payment ,2024-03-22,$0.00,$0.00,Chelsea,Gl Rewrite,Second Payment,2025-03-22,0.0,0.0,Sales Epay 2024 - Sheet1.csv
SCB-GL-000048865,2024-03-26,$200.00,$263.13,Dale,Glandequipment,Osic,2025-03-26,200.0,263.13,Sales Epay 2024 - Sheet1.csv
Endorsement,2024-03-27,$150.05,$76.04,Grey,General Liability,Completed Ops En,2025-03-27,150.05,76.04,Sales Epay 2024 - Sheet1.csv
VOIDED,2024-03-28,$0.00,$0.00,Eduardo,Voided,Voided,2025-03-28,0.0,0.0,Sales Epay 2024 - Sheet1.csv
Endorsement ,2024-03-29,$100.00,$11.50,Mike,Gl Endorsement,Limits Endorsement,2025-03-29,100.0,11.5,Sales Epay 2024 - Sheet1.csv
2nd payment ,2024-04-01,$0.00,$0.00,Jmg/randall,Gl Rewrite,Second Payment,2025-04-01,0.0,0.0,Sales Epay 2024 - Sheet1.csv
Full refund,2024-04-01,$0.00,$0.00,Adrian,Full Refund,Full Refund,2025-04-01,0.0,0.0,Sales Epay 2024 - Sheet1.csv
Endorsement,2024-04-02,$100.00,$0.00,Justin,General Liability,Endorsement,2025-04-02,100.0,0.0,Sales Epay 2024 - Sheet1.csv
Refund,2024-04-02,$0.00,$0.00,Grey,Refund,Refund,2025-04-02,0.0,0.0,Sales Epay 2024 - Sheet1.csv
Endorsement ,2024-04-03,$150.00,$81.61,Eduardo,Gl Endorsement,Limits Endorsement,2025-04-03,150.0,81.61,Sales Epay 2024 - Sheet1.csv
Second Payment ,2024-04-03,$0.00,$0.00,Randall/sean,Gl Rewrite,Second Payment,2025-04-03,0.0,0.0,Sales Epay 2024 - Sheet1.csv
Audit,2024-04-03,$0.00,$140.39,Jon,General Liability,Zoom,2025-04-03,0.0,140.39,Sales Epay 2024 - Sheet1.csv
Refund,2024-04-03,$0.00,$0.00,Collin,Refund,Refund,2025-04-03,0.0,0.0,Sales Epay 2024 - Sheet1.csv
Endorsement,2024-04-04,$120.00,$0.00,Justin,General Liability,Endorsement,2025-04-04,120.0,0.0,Sales Epay 2024 - Sheet1.csv
Endorsement,2024-04-04,$200.00,$67.37,Jmg/randall,General Liability,Limits Endorsement,2025-04-04,200.0,67.37,Sales Epay 2024 - Sheet1.csv
Audit,2024-04-05,$0.00,$193.74,Jon,General Liability,Zoom,2025-04-05,0.0,193.74,Sales Epay 2024 - Sheet1.csv
2nd Payment,2024-04-05,$0.00,$0.00,Grey,Glandexcess Rewrite,Osic,2025-04-05,0.0,0.0,Sales Epay 2024 - Sheet1.csv
Enodrsement ,2024-04-10,$99.74,$76.02,Grey,Gl Endorsement,Aiandwosandpw,2025-04-10,99.74,76.02,Sales Epay 2024 - Sheet1.csv
NFPFLF171524402002,2024-04-11,$256.42,$55.80,Chelsea,Non-profit Director,Usg,2025-04-11,256.42,55.8,Sales Epay 2024 - Sheet1.csv
Endorsement,2024-04-11,$0.00,$39.89,Eduardo,General Liability,Non-eroding Endors,2025-04-11,0.0,39.89,Sales Epay 2024 - Sheet1.csv
Audit,2024-04-11,$0.00,$378.47,Jon,General Liability,Tcic,2025-04-11,0.0,378.47,Sales Epay 2024 - Sheet1.csv
Full refund,2024-04-11,$0.00,$0.00,Chris H,Full Refund,Full Refund,2025-04-11,0.0,0.0,Sales Epay 2024 - Sheet1.csv
Endorsement ,2024-04-11,$200.00,$150.93,Jmg/randall,Gl Endorsement,Comp Ops,2025-04-11,200.0,150.93,Sales Epay 2024 - Sheet1.csv
Audit ,2024-04-11,$0.00,$91.20,Jon,General Liability,Shield,2025-04-11,0.0,91.2,Sales Epay 2024 - Sheet1.csv
Full refund,2024-04-12,$0.00,$0.00,Mike,Full Refund,Full Refund,2025-04-12,0.0,0.0,Sales Epay 2024 - Sheet1.csv
2nd payment,2024-04-12,$0.00,$0.00,Grey,General Liability,2nd Payment,2025-04-12,0.0,0.0,Sales Epay 2024 - Sheet1.csv
Endorsement,2024-04-17,$100.00,$9.57,Mike,General Liability,Limits Endorsement,2025-04-17,100.0,9.57,Sales Epay 2024 - Sheet1.csv
Endorsement,2024-04-17,$75.00,$0.00,Chelsea,General Liability,State Endorsement,2025-04-17,75.0,0.0,Sales Epay 2024 - Sheet1.csv
Endorsement,2024-04-17,$0.00,$33.03,Eduardo,General Liability,Non-eroding Endors,2025-04-17,0.0,33.03,Sales Epay 2024 - Sheet1.csv
Endorsement,2024-04-17,$100.00,$35.60,Mike,General Liability,Multi Unit Endorsement,2025-04-17,100.0,35.6,Sales Epay 2024 - Sheet1.csv
Endorsement,2024-04-19,$100.00,$76.72,Adrian,General Liability,Ai Endorsement,2025-04-19,100.0,76.72,Sales Epay 2024 - Sheet1.csv
Endorsement,2024-04-20,$100.00,$4.86,Mike,General Liability,Limits Endorsement,2025-04-20,100.0,4.86,Sales Epay 2024 - Sheet1.csv
2nd payment,2024-04-22,$0.00,$0.00,Chris H,General Liability,2nd Payment,2025-04-22,0.0,0.0,Sales Epay 2024 - Sheet1.csv
Endorsement,2024-04-22,$0.00,$13.57,Mike,General Liability,Limits Endorsement,2025-04-22,0.0,13.57,Sales Epay 2024 - Sheet1.csv
Broker Fee,2024-04-22,$250.00,$0.00,Eduardo,Workers Comp,Broker Fee,2025-04-22,250.0,0.0,Sales Epay 2024 - Sheet1.csv
Endorsement,2024-04-23,$104.56,$14.32,Bryan,General Liability,Endorsement,2025-04-23,104.56,14.32,Sales Epay 2024 - Sheet1.csv
Endorsement,2024-04-23,$100.00,$21.07,Adrian,Endorsement,Limits Endorsement,2025-04-23,100.0,21.07,Sales Epay 2024 - Sheet1.csv
67036732,2024-04-23,$100.00,$54.00,Chelsea,Simple Bonds,Bound,2025-04-23,100.0,54.0,Sales Epay 2024 - Sheet1.csv
Refund ,2024-04-23,$0.00,$0.00,Mike,Refund,Refund,2025-04-23,0.0,0.0,Sales Epay 2024 - Sheet1.csv
Endorsement,2024-04-23,$69.00,$64.76,Collin,General Liability,Endorsement And Aiandwos,2025-04-23,69.0,64.76,Sales Epay 2024 - Sheet1.csv
Endorsement ,2024-04-23,$0.00,$49.75,Adrian,Endorsement,Limits Endorsement,2025-04-23,0.0,49.75,Sales Epay 2024 - Sheet1.csv
Endorsement ,2024-04-23,$50.00,$78.13,Grey,Endorsement,Aiandwosandpw,2025-04-23,50.0,78.13,Sales Epay 2024 - Sheet1.csv
Second Payment ,2024-04-24,$0.00,$0.00,Jmg/randall,Gl Renewal,Second Payment,2025-04-24,0.0,0.0,Sales Epay 2024 - Sheet1.csv
Second Payment ,2024-04-24,$0.00,$0.00,Justin,Gl Intermittent,Second Payment,2025-04-24,0.0,0.0,Sales Epay 2024 - Sheet1.csv
Bond,2024-04-25,$100.00,$0.00,Adrian,Bond,Bond,2025-04-25,100.0,0.0,Sales Epay 2024 - Sheet1.csv
2nd payment,2024-04-26,$0.00,$0.00,Mike,General Liability,2nd Payment,2025-04-26,0.0,0.0,Sales Epay 2024 - Sheet1.csv
Audit,2024-04-26,$0.00,$86.72,Jon,General Liability,Zoom,2025-04-26,0.0,86.72,Sales Epay 2024 - Sheet1.csv
Borker Fee,2024-04-29,$100.00,$0.00,Grey,General Liability,Broker Fee,2025-04-29,100.0,0.0,Sales Epay 2024 - Sheet1.csv
Endorsement,2024-04-30,$326.00,$338.28,Eduardo,General Liability,Limits Endorsements,2025-04-30,326.0,338.28,Sales Epay 2024 - Sheet1.csv
Refund,2024-04-30,$0.00,$0.00,Chelsea,Refund,Refund,2025-04-30,0.0,0.0,Sales Epay 2024 - Sheet1.csv
2nd payment,2024-04-30,$0.00,$0.00,Eduardo,General Liability,2nd Payment,2025-04-30,0.0,0.0,Sales Epay 2024 - Sheet1.csv
GLSISTC006243024,2024-05-01,$100.00,$106.01,Collin,Glandexcess Rewrite,Tcic,2025-05-01,100.0,106.01,Sales Epay 2024 - Sheet1.csv
Endorsement,2024-05-01,$0.00,$64.86,Adrian,General Liability,Per Project Endors,2025-05-01,0.0,64.86,Sales Epay 2024 - Sheet1.csv
2nd payment,2024-05-01,$0.00,$0.00,Eduardo,General Liability,2nd Payment,2025-05-01,0.0,0.0,Sales Epay 2024 - Sheet1.csv
Endorsement,2024-05-01,$200.00,$9.40,Jmg/randall,General Liability,Limits Endorsement,2025-05-01,200.0,9.4,Sales Epay 2024 - Sheet1.csv
Endorsement,2024-05-01,$50.00,$0.00,Eduardo,General Liability,State Endorsement,2025-05-01,50.0,0.0,Sales Epay 2024 - Sheet1.csv
Audit,2024-05-02,$0.00,"$2,369.99",Jon,General Liability,Zoom,2025-05-02,0.0,2369.99,Sales Epay 2024 - Sheet1.csv
Audit ,2024-05-02,$0.00,$0.00,Jon,General Liability,Zoom,2025-05-02,0.0,0.0,Sales Epay 2024 - Sheet1.csv
981012369,2024-05-06,$345.00,$0.00,Eduardo,Bolt Access,Auto,2025-05-06,345.0,0.0,Sales Epay 2024 - Sheet1.csv
Audit,2024-05-06,$0.00,$193.74,Jon,General Liability,Zoom,2025-05-06,0.0,193.74,Sales Epay 2024 - Sheet1.csv
Endorsement ,2024-05-06,$200.00,$129.92,Jmg/randall,General Liability,Aiandwosandper Project,2025-05-06,200.0,129.92,Sales Epay 2024 - Sheet1.csv
2nd payment,2024-05-08,$0.00,$0.00,Mike,Glandequipment,2nd Payment,2025-05-08,0.0,0.0,Sales Epay 2024 - Sheet1.csv
Endorsement ,2024-05-08,$68.27,$64.76,Chelsea,Gl Endorsement,Aiandwosandpw,2025-05-08,68.27,64.76,Sales Epay 2024 - Sheet1.csv
Endorsement Excess,2024-05-08,$332.00,$450.00,Eduardo,Excess Liability,Limits Endorsement,2025-05-08,332.0,450.0,Sales Epay 2024 - Sheet1.csv
Audit ,2024-05-08,$0.00,$0.00,Jon,General Liability,Zoom,2025-05-08,0.0,0.0,Sales Epay 2024 - Sheet1.csv
Endorsement ,2024-05-08,$100.00,$8.72,Grey,Gl Endorsement,Limits Endorsement,2025-05-08,100.0,8.72,Sales Epay 2024 - Sheet1.csv
Audit ,2024-05-09,$0.00,$110.97,Jon,General Liability,Zoom,2025-05-09,0.0,110.97,Sales Epay 2024 - Sheet1.csv
Audit ,2024-05-09,$0.00,$281.53,Jon,General Liability,Zoom,2025-05-09,0.0,281.53,Sales Epay 2024 - Sheet1.csv
Endorsement,2024-05-09,$266.00,$248.10,Eduardo,General Liability,Class Codes Endors,2025-05-09,266.0,248.1,Sales Epay 2024 - Sheet1.csv
Audit ,2024-05-09,$0.00,$378.47,Jon,General Liability,Zoom,2025-05-09,0.0,378.47,Sales Epay 2024 - Sheet1.csv
Endorsement,2024-05-10,$100.24,$61.76,Chelsea,General Liability,Ai Endorsement,2025-05-10,100.24,61.76,Sales Epay 2024 - Sheet1.csv
SCB-GL-000054723,2024-05-13,$200.00,$159.78,Collin,General Liability,General Liability,2025-05-13,200.0,159.78,Sales Epay 2024 - Sheet1.csv
Endorsement ,2024-05-13,$200.00,$63.61,Jmg/randall,Gl Endorsement,Aiandwosandpw,2025-05-13,200.0,63.61,Sales Epay 2024 - Sheet1.csv
Endorsement ,2024-05-13,$100.00,$75.46,Adrian,Gl Endorsement,Blanket Aiandwos,2025-05-13,100.0,75.46,Sales Epay 2024 - Sheet1.csv
Audit ,2024-05-13,$0.00,$140.39,Jon,General Liability,Zoom,2025-05-13,0.0,140.39,Sales Epay 2024 - Sheet1.csv
Audit ,2024-05-13,$0.00,$239.72,Jon,General Liability,Zoom,2025-05-13,0.0,239.72,Sales Epay 2024 - Sheet1.csv
Endorsement ,2024-05-14,$200.00,$64.79,Jmg/randall,Gl Endorsement,Per Project Endorsement,2025-05-14,200.0,64.79,Sales Epay 2024 - Sheet1.csv
Endorsement ,2024-05-15,$200.00,$170.24,Jmg/randall,Gl Endorsement,Water Endorsement,2025-05-15,200.0,170.24,Sales Epay 2024 - Sheet1.csv
Broker Fee,2024-05-15,$200.00,$0.00,Grey,General Liability,Broker Fee,2025-05-15,200.0,0.0,Sales Epay 2024 - Sheet1.csv
Audit ,2024-05-15,$0.00,$190.59,Jon,General Liability,Zoom,2025-05-15,0.0,190.59,Sales Epay 2024 - Sheet1.csv
Audit ,2024-05-16,$0.00,$200.64,Jon,General Liability,Zoo,2025-05-16,0.0,200.64,Sales Epay 2024 - Sheet1.csv
Refund,2024-05-16,$0.00,$0.00,Chelsea,Refund,Refund,2025-05-16,0.0,0.0,Sales Epay 2024 - Sheet1.csv
2nd payment,2024-05-16,$0.00,$0.00,Bryan,Gl Rewrite,Second Payment,2025-05-16,0.0,0.0,Sales Epay 2024 - Sheet1.csv
GLSISTCM006333324,2024-05-17,$600.00,"$1,056.26",Jmg/randall,Glandex Renewal,Tcic,2025-05-17,600.0,1056.26,Sales Epay 2024 - Sheet1.csv
Endorsement ,2024-05-17,$103.65,$14.45,Bryan,General Liability,Cg2010 Endors,2025-05-17,103.65,14.45,Sales Epay 2024 - Sheet1.csv
Endorsement ,2024-05-17,$0.00,$0.00,Jmg/randall,General Liability,Aiandwosand30 Day Notice,2025-05-17,0.0,0.0,Sales Epay 2024 - Sheet1.csv
Endorsement ,2024-05-20,$100.81,$45.93,Chelsea,General Liability,Limits Endorsement,2025-05-20,100.81,45.93,Sales Epay 2024 - Sheet1.csv
Refund,2024-05-20,$0.00,$0.00,Mike,Refund,Refund,2025-05-20,0.0,0.0,Sales Epay 2024 - Sheet1.csv
Endorsement ,2024-05-21,$0.00,$26.35,Adrian,Gl Endorsement,Limits Endorsement,2025-05-21,0.0,26.35,Sales Epay 2024 - Sheet1.csv
Endorsement ,2024-05-21,$200.00,$5.42,Jmg/randall,Gl Endorsement,Limits Endorsement,2025-05-21,200.0,5.42,Sales Epay 2024 - Sheet1.csv
Endorsement,2024-05-21,$0.00,$10.09,Gerardo,General Liability,Limits Endorsement,2025-05-21,0.0,10.09,Sales Epay 2024 - Sheet1.csv
Endorsement,2024-05-21,$100.00,$6.78,Eduardo,Gl Endorsement,Limits Endorsement,2025-05-21,100.0,6.78,Sales Epay 2024 - Sheet1.csv
Endorsement ,2024-05-21,$0.00,$14.48,Grey,Gl Endorsement,Cg2010,2025-05-21,0.0,14.48,Sales Epay 2024 - Sheet1.csv
Endorsement,2024-05-22,$100.00,$64.86,Adrian,Gl Endorsement,Ai And Pw And Wos Endorsement,2025-05-22,100.0,64.86,Sales Epay 2024 - Sheet1.csv
Audit ,2024-05-23,$0.00,$431.32,Jon,General Liability,Zoom,2025-05-23,0.0,431.32,Sales Epay 2024 - Sheet1.csv
Audit ,2024-05-28,$0.00,$65.52,Jon,General Liability,Shield,2025-05-28,0.0,65.52,Sales Epay 2024 - Sheet1.csv
ISCP04000032624,2024-05-28,$570.00,$655.30,Mark,Gl And Bulder's Risk,Ssic,2025-05-28,570.0,655.3,Sales Epay 2024 - Sheet1.csv
Broker Fee,2024-05-29,$300.00,$0.00,Grey,General Liability,Broker Fee,2025-05-29,300.0,0.0,Sales Epay 2024 - Sheet1.csv
Endorsement ,2024-05-30,$200.00,$53.02,Jmg/randall,Gl Endorsement,House Of Worship,2025-05-30,200.0,53.02,Sales Epay 2024 - Sheet1.csv
Broker Fee,2024-05-31,$300.00,$0.00,Collin,General Liability,Broker Fee,2025-05-31,300.0,0.0,Sales Epay 2024 - Sheet1.csv
Endorsement ,2024-05-31,$100.00,$61.77,Adrian,General Liability,Ai Endorsement,2025-05-31,100.0,61.77,Sales Epay 2024 - Sheet1.csv
Endorsement ,2024-05-31,$34.79,$14.28,Jmg/randall,Gl Endorsement,Endorsementcg 2010,2025-05-31,34.79,14.28,Sales Epay 2024 - Sheet1.csv
Audit,2024-06-04,$0.00,$811.29,Jon,General Liability,Zoom,2025-06-04,0.0,811.29,Sales Epay 2024 - Sheet1.csv
Endorsement,2024-06-10,$0.00,$134.04,Jmg/randall,Gl Endorsement,Limits Endorsement,2025-06-10,0.0,134.04,Sales Epay 2024 - Sheet1.csv
GLSISTC006449224,2024-06-11,$800.00,"$1,272.75",Mike,Gl Renewal And Excess,Tcic And Ssic,2025-06-11,800.0,1272.75,Sales Epay 2024 - Sheet1.csv
Refund,2024-06-11,$100.00,$0.00,Chelsea,Refund,Refund,2025-06-11,100.0,0.0,Sales Epay 2024 - Sheet1.csv
SCB-GL-000058134,2024-06-12,$252.00,$276.46,Jmg/randall,Gl And Equipment,Osic,2025-06-12,252.0,276.46,Sales Epay 2024 - Sheet1.csv
VOIDED,2024-06-12,$0.00,$0.00,Mike,Voided,Voided,2025-06-12,0.0,0.0,Sales Epay 2024 - Sheet1.csv
2nd payment,2024-06-12,$0.00,$0.00,Mike,General Liability,2nd Payment,2025-06-12,0.0,0.0,Sales Epay 2024 - Sheet1.csv
Audit,2024-06-12,$0.00,$378.48,Jon,General Liability,Zoom,2025-06-12,0.0,378.48,Sales Epay 2024 - Sheet1.csv
2nd Payment,2024-06-12,$0.00,$0.00,Jmg/randall,Gl Renewal,2nd Payment,2025-06-12,0.0,0.0,Sales Epay 2024 - Sheet1.csv
Audit,2024-06-12,$0.00,$281.53,Jon,General Liability,Zoom,2025-06-12,0.0,281.53,Sales Epay 2024 - Sheet1.csv
Payment Declined,2024-06-13,$0.00,$0.00,Chelsea,Payment Declined,Payment Declined,2025-06-13,0.0,0.0,Sales Epay 2024 - Sheet1.csv
"SCB-GLM-000058388
",2024-06-13,"$1,400.00","$1,670.69",Mike,Glandexcess Rewrite,Osic,2025-06-13,1400.0,1670.69,Sales Epay 2024 - Sheet1.csv
2nd payment,2024-06-13,$0.00,$0.00,Grey,Gl Renewal,2nd Payment,2025-06-13,0.0,0.0,Sales Epay 2024 - Sheet1.csv
Refund,2024-06-14,$0.00,$0.00,Gerardo,Refund,Refund,2025-06-14,0.0,0.0,Sales Epay 2024 - Sheet1.csv
Refund,2024-06-15,$0.00,$0.00,Mark,Refund,Refund,2025-06-15,0.0,0.0,Sales Epay 2024 - Sheet1.csv
6JUB-0W91700-1-24,2024-06-17,$100.00,$0.00,Mark,Waiver For Wc,Travelers,2025-06-17,100.0,0.0,Sales Epay 2024 - Sheet1.csv
,2024-06-19,$300.00,$323.56,Collin,Gl And Irland Marine,Osic,2025-06-19,300.0,323.56,Sales Epay 2024 - Sheet1.csv
Endorsement ,2024-06-19,$200.00,$13.53,Jmg/randall,Gl Endorsement,Limits Endorsement,2025-06-19,200.0,13.53,Sales Epay 2024 - Sheet1.csv
Endorsement,2024-06-19,$88.24,$61.77,Chelsea,Gl Endorsement,Ai And Pw And Wos Endorsement,2025-06-19,88.24,61.77,Sales Epay 2024 - Sheet1.csv
GLSISTC006506824,2024-06-21,$600.00,$864.98,Jmg/randall,Gl And Excess Rewrite,Tcic,2025-06-21,600.0,864.98,Sales Epay 2024 - Sheet1.csv
,2024-06-24,"$2,260.00",$0.00,Eduardo,Auto Insurance,Progressive,2025-06-24,2260.0,0.0,Sales Epay 2024 - Sheet1.csv
Refund,2024-06-24,$0.00,$0.00,Mike,Refund,Refund,2025-06-24,0.0,0.0,Sales Epay 2024 - Sheet1.csv
Endorsement,2024-06-24,$53.56,$4.72,Chelsea,General Liability,Limits Endorsement,2025-06-24,53.56,4.72,Sales Epay 2024 - Sheet1.csv
Broker Fee,2024-06-25,$250.00,$0.00,Grey,General Liability,Broker Fee,2025-06-25,250.0,0.0,Sales Epay 2024 - Sheet1.csv
Full refund,2024-06-26,$0.00,$0.00,Mark,Refund,Refund,2025-06-26,0.0,0.0,Sales Epay 2024 - Sheet1.csv
Endorsement,2024-06-26,$0.00,$22.54,Gerardo,General Liability,Limits Endorsement,2025-06-26,0.0,22.54,Sales Epay 2024 - Sheet1.csv
Endorsement,2024-06-27,$200.00,$154.77,Jmg/randall,General Liability,Comp Ops,2025-06-27,200.0,154.77,Sales Epay 2024 - Sheet1.csv
Endorsement,2024-06-27,$200.00,$126.12,Jmg/randall,General Liability,Aiandwosandper Project,2025-06-27,200.0,126.12,Sales Epay 2024 - Sheet1.csv
Endorsement,2024-06-28,$147.65,$64.85,Bryan,General Liability,Aiandwos,2025-06-28,147.65,64.85,Sales Epay 2024 - Sheet1.csv
2nd payment,2024-06-28,$0.00,$0.00,Dale,General Liability,2nd Payment,2025-06-28,0.0,0.0,Sales Epay 2024 - Sheet1.csv
Endorsement,2024-06-28,$0.00,$14.44,Jmg/randall,General Liability,Cg2010,2025-06-28,0.0,14.44,Sales Epay 2024 - Sheet1.csv
2nd paymet,2024-07-01,$500.00,$0.00,Justin,Workers Comp,2nd Payment,2025-07-01,500.0,0.0,Sales Epay 2024 - Sheet1.csv
Full refund,2024-07-01,$0.00,$0.00,Gerardo,Full Refund,Full Refund,2025-07-01,0.0,0.0,Sales Epay 2024 - Sheet1.csv
BAS-41905-1,2024-07-01,$0.00,$0.00,Collin,New Gl 2nd Payment,Appalachian,2025-07-01,0.0,0.0,Sales Epay 2024 - Sheet1.csv
Endorsement,2024-07-01,$200.00,$29.46,Grey,General Liability,Limits Endorsement,2025-07-01,200.0,29.46,Sales Epay 2024 - Sheet1.csv
SCB-GL-000060427,2024-07-02,$600.00,$644.06,Jmg/randall,Glandexcess Rewrite,Osic,2025-07-02,600.0,644.06,Sales Epay 2024 - Sheet1.csv
Audit ,2024-07-03,$0.00,$153.82,Jon,General Liability,Zoom,2025-07-03,0.0,153.82,Sales Epay 2024 - Sheet1.csv
2nd payment,2024-07-05,$0.00,$0.00,Ted,General Liability,2nd Payment,2025-07-05,0.0,0.0,Sales Epay 2024 - Sheet1.csv
2nd payment,2024-07-05,$0.00,$0.00,Mark,Workers Comp,2nd Payment,2025-07-05,0.0,0.0,Sales Epay 2024 - Sheet1.csv
2nd payment,2024-07-08,$0.00,$0.00,Ted,General Liability,2nd Payment,2025-07-08,0.0,0.0,Sales Epay 2024 - Sheet1.csv
VOIDED,2024-07-08,$0.00,$0.00,Ted,Voided,Voided,2025-07-08,0.0,0.0,Sales Epay 2024 - Sheet1.csv
,2024-07-08,$250.00,$171.69,Mark,General Liability,Osic,2025-07-08,250.0,171.69,Sales Epay 2024 - Sheet1.csv
Endorsement,2024-07-09,$100.00,$64.25,Eduardo,General Liability,Non-eroding Limints,2025-07-09,100.0,64.25,Sales Epay 2024 - Sheet1.csv
Endorsement,2024-07-09,$75.89,$63.62,Chelsea,General Liability,Blanket Ai Endors,2025-07-09,75.89,63.62,Sales Epay 2024 - Sheet1.csv
Audit,2024-07-09,$0.00,$74.17,Jon,General Liability,Zoom,2025-07-09,0.0,74.17,Sales Epay 2024 - Sheet1.csv
Audit,2024-07-09,$0.00,$70.18,Jon,General Liability,Zoom,2025-07-09,0.0,70.18,Sales Epay 2024 - Sheet1.csv
Refund,2024-07-10,$0.00,$0.00,Collin,Refund,Refund,2025-07-10,0.0,0.0,Sales Epay 2024 - Sheet1.csv
Endorsement,2024-07-10,$50.00,$0.00,Eduardo,General Liability,States Endorsement,2025-07-10,50.0,0.0,Sales Epay 2024 - Sheet1.csv
Endorsement,2024-07-10,$13.17,$13.02,Chelsea,Endorsement,Limits Endorsement,2025-07-10,13.17,13.02,Sales Epay 2024 - Sheet1.csv
GLSISTC006600724,2024-07-10,$500.00,$239.29,Mark,Glandbuilder's Risk,Tcic Andcertain,2025-07-10,500.0,239.29,Sales Epay 2024 - Sheet1.csv
SCB-GLM-000061465,2024-07-11,"$1,000.00",$957.19,Jmg/randall,Glandex Renewal,Osic,2025-07-11,1000.0,957.19,Sales Epay 2024 - Sheet1.csv
Endorsement ,2024-07-11,$120.70,$0.00,Jmg/randall,Gl Endorsement,Limits And Comp Ops Endorsement,2025-07-11,120.7,0.0,Sales Epay 2024 - Sheet1.csv
Audit,2024-07-11,$0.00,$167.42,Jon,General Liability,Zoom,2025-07-11,0.0,167.42,Sales Epay 2024 - Sheet1.csv
SCB-GL-000061021,2024-07-11,$250.00,$268.38,Justin,Ex,Ssic,2025-07-11,250.0,268.38,Sales Epay 2024 - Sheet1.csv
Endorsement,2024-07-11,$57.45,$28.88,Mark,Gl Endorsement,Tcic,2025-07-11,57.45,28.88,Sales Epay 2024 - Sheet1.csv
Full refund,2024-07-11,$0.00,$0.00,Mike,Refund,Refund,2025-07-11,0.0,0.0,Sales Epay 2024 - Sheet1.csv
Audit,2024-07-12,$0.00,$431.42,Jon,General Liability,Zoom,2025-07-12,0.0,431.42,Sales Epay 2024 - Sheet1.csv
Endorsement,2024-07-12,$100.00,$0.00,Eduardo,General Liability,State Endorsement,2025-07-12,100.0,0.0,Sales Epay 2024 - Sheet1.csv
"SCB-GL-000061479
",2024-07-12,$500.00,$483.53,Bryan,Glandequipment,Osic,2025-07-12,500.0,483.53,Sales Epay 2024 - Sheet1.csv
Endorsement,2024-07-12,$100.00,$107.35,Dale,General Liability,Class Codes Endors,2025-07-12,100.0,107.35,Sales Epay 2024 - Sheet1.csv
Endorsement,2024-07-15,$33.90,$6.17,Justin,General Liability,Limits,2025-07-15,33.9,6.17,Sales Epay 2024 - Sheet1.csv
Endorsement,2024-07-15,$24.63,$22.56,Mark,General Liability,Non Eroding Limits,2025-07-15,24.63,22.56,Sales Epay 2024 - Sheet1.csv
Endorsement,2024-07-17,$200.00,$62.37,Grey,General Liability,Limits,2025-07-17,200.0,62.37,Sales Epay 2024 - Sheet1.csv
Refund,2024-07-18,$0.00,$0.00,Mark,Refund,Refund,2025-07-18,0.0,0.0,Sales Epay 2024 - Sheet1.csv
Monthly Payment,2024-07-18,$0.00,$0.00,Mike,Gl Monthly Payment,Osic,2025-07-18,0.0,0.0,Sales Epay 2024 - Sheet1.csv
Endorsement,2024-07-18,$100.00,$8.55,Mike,Gl Endorsement,Isc,2025-07-18,100.0,8.55,Sales Epay 2024 - Sheet1.csv
Endorsement,2024-07-18,$88.00,$30.00,Eduardo,General Liability,Per Project,2025-07-18,88.0,30.0,Sales Epay 2024 - Sheet1.csv
Endorsement,2024-07-18,$115.35,$42.70,Mark,General Liability,Limits Endorsement,2025-07-18,115.35,42.7,Sales Epay 2024 - Sheet1.csv
SCB-GL-000062116,2024-07-18,"$1,200.00","$1,991.42",Jmg/randall,Glandex Renewal,Osic,2025-07-18,1200.0,1991.42,Sales Epay 2024 - Sheet1.csv
Endorsement,2024-07-19,$100.00,$38.31,Mike,General Liability,Limits Endorsement,2025-07-19,100.0,38.31,Sales Epay 2024 - Sheet1.csv
Endorsement,2024-07-19,$197.00,$0.00,Eduardo,Workers Comp,Wos Endorsement,2025-07-19,197.0,0.0,Sales Epay 2024 - Sheet1.csv
Endorsement ,2024-07-19,$185.00,$15.00,Jmg/randall,General Liability,Gl Endorsement,2025-07-19,185.0,15.0,Sales Epay 2024 - Sheet1.csv
Endorsement ,2024-07-19,$80.13,$32.98,Bryan,General Liability,Limits Endorsement,2025-07-19,80.13,32.98,Sales Epay 2024 - Sheet1.csv
ISCP04000036218,2024-07-19,$650.00,$604.83,Grey,Glandex Renewal,Ssic,2025-07-19,650.0,604.83,Sales Epay 2024 - Sheet1.csv
SCB-GL-000062271,2024-07-22,$200.00,$207.99,Adrian,Glandequipment,Osic,2025-07-22,200.0,207.99,Sales Epay 2024 - Sheet1.csv
Endorsement,2024-07-22,$300.00,$39.59,Jmg/randall,General Liability,Non Eroding Limits,2025-07-22,300.0,39.59,Sales Epay 2024 - Sheet1.csv
2nd payment,2024-07-23,$0.00,$0.00,Grey,General Liability,2nd Payment,2025-07-23,0.0,0.0,Sales Epay 2024 - Sheet1.csv
Voided,2024-07-24,$0.00,$0.00,Eduardo,Voided,Voided,2025-07-24,0.0,0.0,Sales Epay 2024 - Sheet1.csv
Refund,2024-07-24,$0.00,$0.00,Ted,Refund,Refund,2025-07-24,0.0,0.0,Sales Epay 2024 - Sheet1.csv
Payment to carrier,2024-07-24,$0.00,$0.00,Chelsea,Workers Comp,Payment To Carrier,2025-07-24,0.0,0.0,Sales Epay 2024 - Sheet1.csv
2nd payment,2024-07-25,$0.00,$0.00,Dale,General Liability,2nd Payment,2025-07-25,0.0,0.0,Sales Epay 2024 - Sheet1.csv
Endorsement ,2024-07-25,$100.00,$0.00,Eduardo,Wc Endorsement -payroll,Liberty Mutual,2025-07-25,100.0,0.0,Sales Epay 2024 - Sheet1.csv
Full Refund,2024-07-25,$0.00,$0.00,Jmg/randall,Full Refund,Full Refund,2025-07-25,0.0,0.0,Sales Epay 2024 - Sheet1.csv
Full Refund,2024-07-25,$0.00,$0.00,Jmg/randall,Full Refund,Full Refund,2025-07-25,0.0,0.0,Sales Epay 2024 - Sheet1.csv
Endorsement,2024-07-26,$150.00,$64.58,Jmg/randall,Gl Endorsement,Gross And Subs Endorsement,2025-07-26,150.0,64.58,Sales Epay 2024 - Sheet1.csv
2nd payment,2024-07-26,$0.00,$0.00,Adrian,General Liability,2nd Payment,2025-07-26,0.0,0.0,Sales Epay 2024 - Sheet1.csv
2nd payment,2024-07-26,$0.00,$0.00,Bryan,Endorsement,2nd Payment,2025-07-26,0.0,0.0,Sales Epay 2024 - Sheet1.csv
Refund,2024-07-27,$0.00,$0.00,Cara,Refund,Refund,2025-07-27,0.0,0.0,Sales Epay 2024 - Sheet1.csv
VOIDED,2024-07-30,$0.00,$0.00,Eduardo,Voided,Voided,2025-07-30,0.0,0.0,Sales Epay 2024 - Sheet1.csv
Endorsement,2024-07-30,$0.00,$64.10,Eduardo,Gl Endorsement,Non Eroding Limits,2025-07-30,0.0,64.1,Sales Epay 2024 - Sheet1.csv
37-IM050548,2024-07-30,$100.00,$56.40,Mike,Equipment,Endorsement,2025-07-30,100.0,56.4,Sales Epay 2024 - Sheet1.csv
Endorsement,2024-07-30,$150.00,$32.72,Collin,Tcic,Ssic,2025-07-30,150.0,32.72,Sales Epay 2024 - Sheet1.csv
Endorsement,2024-07-30,$0.00,$61.77,Chelsea,General Liability,Ai Endorsement,2025-07-30,0.0,61.77,Sales Epay 2024 - Sheet1.csv
2nd Payment,2024-07-30,$0.00,$0.00,Mark,Excess,2nd Payment,2025-07-30,0.0,0.0,Sales Epay 2024 - Sheet1.csv
Refund,2024-07-31,$0.00,$0.00,Cara,Refund,Refund,2025-07-31,0.0,0.0,Sales Epay 2024 - Sheet1.csv
Endorsement,2024-07-31,$47.00,$39.96,Dale,General Liability,Limits Endorsement,2025-07-31,47.0,39.96,Sales Epay 2024 - Sheet1.csv
Broker Fee,2024-07-31,$200.00,$0.00,Cara,General Liability,Broker Fee,2025-07-31,200.0,0.0,Sales Epay 2024 - Sheet1.csv
Endorsement ,2024-08-01,$200.00,$32.44,Jmg/randall,Gl Endorsement,Med Limit Endorsement,2025-08-01,200.0,32.44,Sales Epay 2024 - Sheet1.csv
2nd payment,2024-08-01,$0.00,$0.00,Mark,Workers Comp,2nd Payment,2025-08-01,0.0,0.0,Sales Epay 2024 - Sheet1.csv
Endorsement ,2024-08-01,$0.00,$64.86,Chelsea,General Liability,Completed Ops,2025-08-01,0.0,64.86,Sales Epay 2024 - Sheet1.csv
2nd Payment,2024-08-02,$0.00,$0.00,Brennan,Workers Comp,2nd Payment,2025-08-02,0.0,0.0,Sales Epay 2024 - Sheet1.csv
ISCPC04000037224,2024-08-03,$500.00,$669.87,Grey,Glandex Renewal,Ssic,2025-08-03,500.0,669.87,Sales Epay 2024 - Sheet1.csv
Endorsement ,2024-08-04,$0.00,$128.92,Chelsea,General Liability,Limit Endorsements,2025-08-04,0.0,128.92,Sales Epay 2024 - Sheet1.csv
GLSISTC006881124,2024-08-05,$960.00,"$1,352.14",Chelsea,Glandex Renewal,Ssic,2025-08-05,960.0,1352.14,Sales Epay 2024 - Sheet1.csv
Refund,2024-08-05,$0.00,$0.00,Adrian,Refund,Refund,2025-08-05,0.0,0.0,Sales Epay 2024 - Sheet1.csv
AR6015431,2024-08-05,$150.00,$0.00,Jmg/randall,Bonds Express,Bond Renewal,2025-08-05,150.0,0.0,Sales Epay 2024 - Sheet1.csv
VOIDED,2024-08-05,$0.00,$0.00,Ted,Voided,Voided,2025-08-05,0.0,0.0,Sales Epay 2024 - Sheet1.csv
Refunded,2024-08-06,$0.00,$0.00,Eduardo,Refunded,Refunded,2025-08-06,0.0,0.0,Sales Epay 2024 - Sheet1.csv
Refund,2024-08-06,$0.00,$0.00,Ted,Refund,Refund,2025-08-06,0.0,0.0,Sales Epay 2024 - Sheet1.csv
Endorsement,2024-08-07,$200.00,$77.46,Jmg/randall,Gl Endorsement,Comp Ops,2025-08-07,200.0,77.46,Sales Epay 2024 - Sheet1.csv
Endorsement,2024-08-07,$100.00,$62.50,Mike,General Liability,Endorsement,2025-08-07,100.0,62.5,Sales Epay 2024 - Sheet1.csv
ISCPC04000037494,2024-08-08,$698.67,$982.48,Chelsea,Gl Renewal And Excess,Ssic,2025-08-08,698.67,982.48,Sales Epay 2024 - Sheet1.csv
2nd paymment,2024-08-08,$0.00,$0.00,Mike,General Liability,2nd Payment,2025-08-08,0.0,0.0,Sales Epay 2024 - Sheet1.csv
Second Payment,2024-08-08,$0.00,$0.00,Mike,Excess,Second Payment,2025-08-08,0.0,0.0,Sales Epay 2024 - Sheet1.csv
Audit ,2024-08-08,$0.00,$167.42,Jon,General Liability,Zoom,2025-08-08,0.0,167.42,Sales Epay 2024 - Sheet1.csv
Endorsement,2024-08-08,$0.00,$14.11,Mike,Endorsement Iso,Ssic,2025-08-08,0.0,14.11,Sales Epay 2024 - Sheet1.csv
Refund,2024-08-08,$0.00,$0.00,Collin,Refund,Refund,2025-08-08,0.0,0.0,Sales Epay 2024 - Sheet1.csv
Refund,2024-08-08,$0.00,$0.00,Mike,Refund,Refund,2025-08-08,0.0,0.0,Sales Epay 2024 - Sheet1.csv
Second Payment,2024-08-09,$0.00,$0.00,Gerardo,General Liability,Second Payment,2025-08-09,0.0,0.0,Sales Epay 2024 - Sheet1.csv
Second Payment,2024-08-09,$0.00,$0.00,Chelsea,Gl Renewal And Excess,Second Payment,2025-08-09,0.0,0.0,Sales Epay 2024 - Sheet1.csv
SCB-GL-000063991,2024-08-09,$700.00,$824.04,Jmg/randall,Glandexcess Rewrite,Osic,2025-08-09,700.0,824.04,Sales Epay 2024 - Sheet1.csv
Refund,2024-08-09,$0.00,$0.00,Cara,Refund,Refund,2025-08-09,0.0,0.0,Sales Epay 2024 - Sheet1.csv
Refund,2024-08-09,$0.00,$0.00,Cara,Refund,Refund,2025-08-09,0.0,0.0,Sales Epay 2024 - Sheet1.csv
Refund,2024-08-09,$0.00,$0.00,Mark,Refund,Refund,2025-08-09,0.0,0.0,Sales Epay 2024 - Sheet1.csv
VOIDED,2024-08-09,$0.00,$0.00,Collin,Voided,Voided,2025-08-09,0.0,0.0,Sales Epay 2024 - Sheet1.csv
Refund,2024-08-09,$0.00,$0.00,Brennan,Refund,Refund,2025-08-09,0.0,0.0,Sales Epay 2024 - Sheet1.csv
Endorsement,2024-08-10,$100.00,$64.78,Mike,General Liability,Ai Endorsement,2025-08-10,100.0,64.78,Sales Epay 2024 - Sheet1.csv
Endorsement,2024-08-12,$125.89,$63.62,Mark,General Liability,Ai Endorsement,2025-08-12,125.89,63.62,Sales Epay 2024 - Sheet1.csv
Endorsement,2024-08-12,$147.37,$79.14,Mark,General Liability,Non Eroding Endors,2025-08-12,147.37,79.14,Sales Epay 2024 - Sheet1.csv
Endorsement,2024-08-12,$200.00,$63.46,Eduardo,General Liability,Per Project Endors,2025-08-12,200.0,63.46,Sales Epay 2024 - Sheet1.csv
Endorsement,2024-08-12,$232.81,$40.08,Eduardo,General Liability,Amendment Endors,2025-08-12,232.81,40.08,Sales Epay 2024 - Sheet1.csv
Endorsement,2024-08-13,$150.00,$18.03,Eduardo,General Liability,Limits Endorsement,2025-08-13,150.0,18.03,Sales Epay 2024 - Sheet1.csv
Additional Broker Fee,2024-08-13,$300.00,$0.00,Justin,Workers Comp,Additional Broker Fee,2025-08-13,300.0,0.0,Sales Epay 2024 - Sheet1.csv
Refund,2024-08-13,$0.00,$0.00,Mark,Refund,Refund,2025-08-13,0.0,0.0,Sales Epay 2024 - Sheet1.csv
Endorsement,2024-08-13,$100.00,$62.36,Justin,General Liability,Ai Endorsement,2025-08-13,100.0,62.36,Sales Epay 2024 - Sheet1.csv
Endorsements,2024-08-13,$0.00,$360.14,Jmg/randall,Gl Endorsement,Ssic,2025-08-13,0.0,360.14,Sales Epay 2024 - Sheet1.csv
100882098,2024-08-13,$200.00,$35.00,Jmg/randall,Simple Bonds,Bond Renewal,2025-08-13,200.0,35.0,Sales Epay 2024 - Sheet1.csv
Endorsement,2024-08-13,$0.00,$30.72,Dale,General Liability,Non Eording Limits,2025-08-13,0.0,30.72,Sales Epay 2024 - Sheet1.csv
Endorsement,2024-08-13,$51.41,$15.54,Chelsea,General Liability,Limits Endorsement,2025-08-13,51.41,15.54,Sales Epay 2024 - Sheet1.csv
2d payment,2024-08-14,$0.00,$0.00,Mark,General Liability,2nd Payment,2025-08-14,0.0,0.0,Sales Epay 2024 - Sheet1.csv
Limits Endorsement,2024-08-14,$100.00,$10.17,Clint,Gl Endorsement,Osic,2025-08-14,100.0,10.17,Sales Epay 2024 - Sheet1.csv
VOIDED,2024-08-14,$0.00,$0.00,Mark,Voided,Voided,2025-08-14,0.0,0.0,Sales Epay 2024 - Sheet1.csv
Audit ,2024-08-14,$0.00,$144.35,Jon,General Liability,Zoom,2025-08-14,0.0,144.35,Sales Epay 2024 - Sheet1.csv
Additional Broker Fee,2024-08-15,$30.00,$0.00,Justin,Workers Comp,Additional Broker Fee,2025-08-15,30.0,0.0,Sales Epay 2024 - Sheet1.csv
Endorsement,2024-08-15,$150.00,$55.98,Bryan,Gl Endorsement,Osic,2025-08-15,150.0,55.98,Sales Epay 2024 - Sheet1.csv
Endorsement ,2024-08-15,$0.00,$14.07,Dale,General Liability,Gl Endorsement Cg2010,2025-08-15,0.0,14.07,Sales Epay 2024 - Sheet1.csv
VOIDED,2024-08-16,$0.00,$0.00,Brennan,Voided,Voided,2025-08-16,0.0,0.0,Sales Epay 2024 - Sheet1.csv
Second Payment,2024-08-16,$0.00,$0.00,Gerardo,Workers Comp,2nd Payment,2025-08-16,0.0,0.0,Sales Epay 2024 - Sheet1.csv
BAS-44334-1,2024-08-19,$200.00,$65.00,Eduardo,,Appalachian,2025-08-19,200.0,65.0,Sales Epay 2024 - Sheet1.csv
Additional Broker Fee,2024-08-19,$150.00,$0.00,Justin,General Liability,Additional Broker Fee,2025-08-19,150.0,0.0,Sales Epay 2024 - Sheet1.csv
Refund,2024-08-19,$0.00,$0.00,Mike,Refund,Refund,2025-08-19,0.0,0.0,Sales Epay 2024 - Sheet1.csv
Limits Endorsement,2024-08-19,$105.00,$6.81,Eduardo,Gl Endorsement,Tcic,2025-08-19,105.0,6.81,Sales Epay 2024 - Sheet1.csv
Payment to carrier,2024-08-19,$0.00,$0.00,Ted,General Liability,2nd Payment,2025-08-19,0.0,0.0,Sales Epay 2024 - Sheet1.csv
Audit ,2024-08-20,$0.00,$118.41,Jon,General Liability,Zoom,2025-08-20,0.0,118.41,Sales Epay 2024 - Sheet1.csv
Endorsement,2024-08-20,$200.00,$0.00,Mark,Workers Comp,Payroll Endorsement,2025-08-20,200.0,0.0,Sales Epay 2024 - Sheet1.csv
GLSISTC007010924,2024-08-20,$600.00,$823.34,Grey,Glandexcess Rewrite,Tcic,2025-08-20,600.0,823.34,Sales Epay 2024 - Sheet1.csv
Limits Endorsement,2024-08-21,$111.52,$13.27,Bryan,Gl Endorsement,Isc,2025-08-21,111.52,13.27,Sales Epay 2024 - Sheet1.csv
Stop Gap Endorsement,2024-08-21,$0.00,$38.33,Eduardo,Gl Endorsement,Isc,2025-08-21,0.0,38.33,Sales Epay 2024 - Sheet1.csv
2nd payment ,2024-08-22,$0.00,$0.00,Eduardo,General Liability,2nd Payment,2025-08-22,0.0,0.0,Sales Epay 2024 - Sheet1.csv
Endorsement,2024-08-22,$150.00,$63.16,Clint,General Liability,Class Code Endors,2025-08-22,150.0,63.16,Sales Epay 2024 - Sheet1.csv
Endorsement,2024-08-23,$100.00,$39.24,Justin,General Liability,Limits Endorsement,2025-08-23,100.0,39.24,Sales Epay 2024 - Sheet1.csv
Broker Fee,2024-08-26,$200.00,$0.00,Gerardo,Workers Comp,Broker Fee,2025-08-26,200.0,0.0,Sales Epay 2024 - Sheet1.csv
Audit ,2024-08-26,$0.00,$244.38,Jon,General Liability,Shield,2025-08-26,0.0,244.38,Sales Epay 2024 - Sheet1.csv
Second Payment,2024-08-27,$0.00,$0.00,Collin,Workers Comp,Second Payment,2025-08-27,0.0,0.0,Sales Epay 2024 - Sheet1.csv
Endorsement,2024-08-29,$0.00,$2.50,Mike,General Liability,Gl Endorsement,2025-08-29,0.0,2.5,Sales Epay 2024 - Sheet1.csv
2nd payment,2024-08-29,$0.00,$0.00,Mark,Excess,2nd Payment,2025-08-29,0.0,0.0,Sales Epay 2024 - Sheet1.csv
GLSISTC007130124,2024-08-30,$500.00,$597.44,Jmg/randall,Glandexcess Rewrite,Tcic,2025-08-30,500.0,597.44,Sales Epay 2024 - Sheet1.csv
2nd payment,2024-08-30,$0.00,$0.00,Bryan,General Liability,2nd Payment,2025-08-30,0.0,0.0,Sales Epay 2024 - Sheet1.csv
Payment Declined,2024-08-30,$0.00,$0.00,Jmg/randall,Declined,Declined,2025-08-30,0.0,0.0,Sales Epay 2024 - Sheet1.csv
Endorsement,2024-08-30,$129.90,$78.95,Grey,General Liability,Ai Endorsement,2025-08-30,129.9,78.95,Sales Epay 2024 - Sheet1.csv
Endorsement,2024-08-30,$100.00,$16.12,Grey,General Liability,Limits Endorsement,2025-08-30,100.0,16.12,Sales Epay 2024 - Sheet1.csv
Endorsement,2024-08-31,$0.00,$102.25,Grey,General Liability,Limits Endorsement,2025-08-31,0.0,102.25,Sales Epay 2024 - Sheet1.csv
9366310-24,2024-09-03,"$1,000.00",$0.00,Eduardo,Workers Comp,State Compensation,2025-09-03,1000.0,0.0,Sales Epay 2024 - Sheet1.csv
GLSISTC005977024,2024-09-04,$200.00,$32.44,Jmg/randall,Gl Endorsment,Isc,2025-09-04,200.0,32.44,Sales Epay 2024 - Sheet1.csv
Audit,2024-09-05,$0.00,$75.70,Jon,General Liability,Zoom,2025-09-05,0.0,75.7,Sales Epay 2024 - Sheet1.csv
Endorsement,2024-09-05,$125.00,$0.00,Justin,Gl Endorsement,Isc,2025-09-05,125.0,0.0,Sales Epay 2024 - Sheet1.csv
Endorsement,2024-09-05,$200.00,$64.79,Jmg/randall,Gl Endorsement,Isc,2025-09-05,200.0,64.79,Sales Epay 2024 - Sheet1.csv
Limits Endorsement,2024-09-06,$0.00,$14.17,Grey,Gl Endorsement,Isc,2025-09-06,0.0,14.17,Sales Epay 2024 - Sheet1.csv
Refund,2024-09-06,$0.00,$0.00,Chelsea,Refund,Refund,2025-09-06,0.0,0.0,Sales Epay 2024 - Sheet1.csv
Endorsement ,2024-09-06,$0.00,$14.30,Jmg/randall,Cg2010,Gl Endorsement,2025-09-06,0.0,14.3,Sales Epay 2024 - Sheet1.csv
Endorsement ,2024-09-06,$200.00,$25.50,Jmg/randall,Limits Endorsement,Gl Endorsement,2025-09-06,200.0,25.5,Sales Epay 2024 - Sheet1.csv
Audit,2024-09-06,$0.00,$167.42,Jon,General Liability,Zoom,2025-09-06,0.0,167.42,Sales Epay 2024 - Sheet1.csv
Refunded,2024-09-09,$0.00,$0.00,Chelsea,Refund,Refund,2025-09-09,0.0,0.0,Sales Epay 2024 - Sheet1.csv
Voided,2024-09-10,$0.00,$0.00,Ted,Voided,Voided,2025-09-10,0.0,0.0,Sales Epay 2024 - Sheet1.csv
GLSISTC007302124,2024-09-10,$352.97,$500.45,Bryan,Gl And Equipment,Isc,2025-09-10,352.97,500.45,Sales Epay 2024 - Sheet1.csv
GLSISTCM007221924,2024-09-10,"$2,150.00","$2,246.28",Jmg/randall,Glandexcess Policy,Isc,2025-09-10,2150.0,2246.28,Sales Epay 2024 - Sheet1.csv
SCB-GL-000066559,2024-09-10,$0.00,$78.20,Ted,Gl Endorsment,Isc,2025-09-10,0.0,78.2,Sales Epay 2024 - Sheet1.csv
Audit,2024-09-11,$0.00,$267.88,Jon,General Liability,Zoom,2025-09-11,0.0,267.88,Sales Epay 2024 - Sheet1.csv
SCB-GL-000066698,2024-09-11,$700.00,$602.61,Dale,General Liability And Excess,Isc,2025-09-11,700.0,602.61,Sales Epay 2024 - Sheet1.csv
Audit ,2024-09-11,$0.00,$70.18,Jon,General Liability,Zoom,2025-09-11,0.0,70.18,Sales Epay 2024 - Sheet1.csv
Endorsement,2024-09-11,$200.00,$3.49,Jmg/randall,Limits Endorsement,Gl Endorsement,2025-09-11,200.0,3.49,Sales Epay 2024 - Sheet1.csv
2nd payment,2024-09-11,$0.00,$0.00,Chelsea,General Liability,2nd Payment,2025-09-11,0.0,0.0,Sales Epay 2024 - Sheet1.csv
Audit,2024-09-11,$0.00,$184.65,Jon,General Liability,Zoom,2025-09-11,0.0,184.65,Sales Epay 2024 - Sheet1.csv
Endorsement,2024-09-12,$200.00,$14.25,Jmg/randall,Cg2010,Gl Endorsement,2025-09-12,200.0,14.25,Sales Epay 2024 - Sheet1.csv
Voided,2024-09-13,$0.00,$0.00,Cara,Voided,Voided,2025-09-13,0.0,0.0,Sales Epay 2024 - Sheet1.csv
Voided,2024-09-13,$0.00,$0.00,Eduardo,Voided,Voided,2025-09-13,0.0,0.0,Sales Epay 2024 - Sheet1.csv
Voided,2024-09-13,$0.00,$0.00,Anthony,Voided,Voided,2025-09-13,0.0,0.0,Sales Epay 2024 - Sheet1.csv
Audit ,2024-09-13,$0.00,$52.60,Jon,General Liability,Amwins,2025-09-13,0.0,52.6,Sales Epay 2024 - Sheet1.csv
Refunded,2024-09-13,$0.00,$0.00,Chelsea,Refund,Refund,2025-09-13,0.0,0.0,Sales Epay 2024 - Sheet1.csv
Refunded,2024-09-13,$0.00,$0.00,Chelsea,Refunded,Refunded,2025-09-13,0.0,0.0,Sales Epay 2024 - Sheet1.csv
Audit,2024-09-13,$0.00,$0.00,Jon,General Liability,Amwins,2025-09-13,0.0,0.0,Sales Epay 2024 - Sheet1.csv
Audit,2024-09-14,$0.00,$156.55,Jon,General Liability,Zoom,2025-09-14,0.0,156.55,Sales Epay 2024 - Sheet1.csv
2nd Payment,2024-09-16,$0.00,$0.00,Brennan,Workers Comp,2nd Payment,2025-09-16,0.0,0.0,Sales Epay 2024 - Sheet1.csv
Endorsement,2024-09-16,$200.00,$0.00,Eduardo,Wc Endorsement,Biberk,2025-09-16,200.0,0.0,Sales Epay 2024 - Sheet1.csv
Refunded,2024-09-17,$0.00,$0.00,Eduardo,Refund,Refund,2025-09-17,0.0,0.0,Sales Epay 2024 - Sheet1.csv
Endorsement,2024-09-17,$140.95,$78.12,Jmg/randall,Gl Endorsement,Comp Ops,2025-09-17,140.95,78.12,Sales Epay 2024 - Sheet1.csv
Endorsement,2024-09-18,$0.00,$10.00,Mike,Gl Endorsement,Appalachian,2025-09-18,0.0,10.0,Sales Epay 2024 - Sheet1.csv
Audit ,2024-09-18,$0.00,$81.84,Jon,General Liability,Zoom,2025-09-18,0.0,81.84,Sales Epay 2024 - Sheet1.csv
Endorsement,2024-09-18,$200.00,$61.76,Grey,Gl Endorsement,Isc,2025-09-18,200.0,61.76,Sales Epay 2024 - Sheet1.csv
GLSISTC007317024,2024-09-18,$300.00,$160.66,Anthony,General Liability,,2025-09-18,300.0,160.66,Sales Epay 2024 - Sheet1.csv
Additional Broker Fee,2024-09-19,$965.76,$0.00,Eduardo,Glandexcess 2nd Payment,Isc,2025-09-19,965.76,0.0,Sales Epay 2024 - Sheet1.csv
Endorsement,2024-09-19,$100.00,$64.85,Dale,Gl Endorsement,Isc,2025-09-19,100.0,64.85,Sales Epay 2024 - Sheet1.csv
Endorsement,2024-09-19,$99.00,$0.00,Justin,General Liability,States Endorsement,2025-09-19,99.0,0.0,Sales Epay 2024 - Sheet1.csv
Refund,2024-09-19,$0.00,$0.00,Grey,Refund,Refund,2025-09-19,0.0,0.0,Sales Epay 2024 - Sheet1.csv
Endorsement,2024-09-19,$100.00,$13.21,Grey,Gl Endorsement,Isc,2025-09-19,100.0,13.21,Sales Epay 2024 - Sheet1.csv
2nd payment,2024-09-20,$0.00,$0.00,Bryan,Excess,2nd Payment,2025-09-20,0.0,0.0,Sales Epay 2024 - Sheet1.csv
Endorsement ,2024-09-20,$88.00,$12.00,Jmg/randall,Gl Cg2010,Shield,2025-09-20,88.0,12.0,Sales Epay 2024 - Sheet1.csv
Voided,2024-09-23,$0.00,$0.00,Mike,Voided,Voided,2025-09-23,0.0,0.0,Sales Epay 2024 - Sheet1.csv
Payment to Carrier,2024-09-23,$0.00,$0.00,Mike,Workers Comp,Payment To Carrier,2025-09-23,0.0,0.0,Sales Epay 2024 - Sheet1.csv
Voided,2024-09-24,$0.00,$0.00,Cara,Voided,Voided,2025-09-24,0.0,0.0,Sales Epay 2024 - Sheet1.csv
Endorsement,2024-09-24,$50.00,$6.65,Ted,General Liability,Limits Endorsement,2025-09-24,50.0,6.65,Sales Epay 2024 - Sheet1.csv
Refunded,2024-09-24,$0.00,$0.00,Justin,Refunded,Refunded,2025-09-24,0.0,0.0,Sales Epay 2024 - Sheet1.csv
Endorsement,2024-09-24,$99.91,$90.02,Justin,General Liability,Limitsandai Endors,2025-09-24,99.91,90.02,Sales Epay 2024 - Sheet1.csv
Audit ,2024-09-24,$0.00,$45.04,Jon,General Liability,Zoom,2025-09-24,0.0,45.04,Sales Epay 2024 - Sheet1.csv
Voided,2024-09-25,$0.00,$0.00,Cara,Voided,Voided,2025-09-25,0.0,0.0,Sales Epay 2024 - Sheet1.csv
2nd Payment,2024-09-25,$0.00,$0.00,Grey,2nd Payment,Isc,2025-09-25,0.0,0.0,Sales Epay 2024 - Sheet1.csv
WC Endorsement,2024-09-26,$0.00,$0.00,Mark,Workers Comp,Wc Endorsement,2025-09-26,0.0,0.0,Sales Epay 2024 - Sheet1.csv
2nd payment,2024-09-26,$0.00,$0.00,Mike,Gl Rewrite,2nd Payment,2025-09-26,0.0,0.0,Sales Epay 2024 - Sheet1.csv
ISCPC04000039678,2024-09-26,$275.00,$330.87,Chelsea,Glandex Renewal,Isc,2025-09-26,275.0,330.87,Sales Epay 2024 - Sheet1.csv
Endorsement,2024-09-27,$200.00,$63.30,Jmg/randall,Gl Endorsement,Additional Insured,2025-09-27,200.0,63.3,Sales Epay 2024 - Sheet1.csv
Endorsement,2024-09-28,$100.00,$267.92,Grey,General Liability,Gross Receips Endor,2025-09-28,100.0,267.92,Sales Epay 2024 - Sheet1.csv
Voided,2024-09-30,$0.00,$0.00,Ted,Voided,Voided,2025-09-30,0.0,0.0,Sales Epay 2024 - Sheet1.csv
Refunded,2024-09-30,$0.00,$0.00,Mark,Refunded,Refunded,2025-09-30,0.0,0.0,Sales Epay 2024 - Sheet1.csv
Endorsement ,2024-09-30,$200.00,$14.63,Jmg/randall,Gl Endorsment,Isc,2025-09-30,200.0,14.63,Sales Epay 2024 - Sheet1.csv
2nd payment,2024-10-01,$0.00,$0.00,Brennan,General Liability,2nd Payment,2025-10-01,0.0,0.0,Sales Epay 2024 - Sheet1.csv
Refunded,2024-10-01,$0.00,$0.00,Mike,Refunded,Refunded,2025-10-01,0.0,0.0,Sales Epay 2024 - Sheet1.csv
ISCP04000039896,2024-10-01,$580.00,$826.02,Chelsea,Glandexcess Rewrite,Isc,2025-10-01,580.0,826.02,Sales Epay 2024 - Sheet1.csv
Endorsement ,2024-10-01,$200.00,$63.31,Jmg/randall,Gl Endosement,Additional Insured,2025-10-01,200.0,63.31,Sales Epay 2024 - Sheet1.csv
Audit ,2024-10-02,$0.00,$115.05,Jon,General Liability,Zoom,2025-10-02,0.0,115.05,Sales Epay 2024 - Sheet1.csv
Payment disputed,2024-10-02,$0.00,$0.00,Cara,Payment Disputed,Payment Disputed,2025-10-02,0.0,0.0,Sales Epay 2024 - Sheet1.csv
Endorsment,2024-10-03,$188.24,$61.76,Bryan,General Liability,Blanket Ai Endors,2025-10-03,188.24,61.76,Sales Epay 2024 - Sheet1.csv
Voided,2024-10-07,$0.00,$0.00,Brennan,Voided,Voided,2025-10-07,0.0,0.0,Sales Epay 2024 - Sheet1.csv
Endorsement,2024-10-07,$100.00,$12.50,Mike,Gl Endorsement,Appalachian,2025-10-07,100.0,12.5,Sales Epay 2024 - Sheet1.csv
Endorsement,2024-10-07,$96.50,$125.00,Mike,General Liability,Endorsement 1,2025-10-07,96.5,125.0,Sales Epay 2024 - Sheet1.csv
Audit ,2024-10-07,$0.00,$244.38,Jon,General Liability,Shield,2025-10-07,0.0,244.38,Sales Epay 2024 - Sheet1.csv
Endorsement,2024-10-07,$0.00,$72.34,Jmg/randall,General Liability,Non-eroding Endors,2025-10-07,0.0,72.34,Sales Epay 2024 - Sheet1.csv
Audit ,2024-10-07,$0.00,$70.18,Jon,General Liability,Zoom,2025-10-07,0.0,70.18,Sales Epay 2024 - Sheet1.csv
2nd payment,2024-10-08,$0.00,$0.00,Jmg/randall,General Liability,Second Payment,2025-10-08,0.0,0.0,Sales Epay 2024 - Sheet1.csv
Endorsement,2024-10-08,$100.00,$8.33,Grey,Gl Endorsement,Limits Endorsement,2025-10-08,100.0,8.33,Sales Epay 2024 - Sheet1.csv
Endorsement,2024-10-08,$150.00,$65.47,Anthony,General Liability,Ai Endorsement,2025-10-08,150.0,65.47,Sales Epay 2024 - Sheet1.csv
Refund,2024-10-08,$0.00,$0.00,Mike,Refund,Refund,2025-10-08,0.0,0.0,Sales Epay 2024 - Sheet1.csv
Endorsement ,2024-10-08,$177.00,$23.00,Jmg/randall,Endorsement,Gross Receipts,2025-10-08,177.0,23.0,Sales Epay 2024 - Sheet1.csv
2nd payment,2024-10-09,$0.00,$0.00,Brennan,Workers Comp,2nd Payment,2025-10-09,0.0,0.0,Sales Epay 2024 - Sheet1.csv
Refunded,2024-10-09,$0.00,$0.00,Brennan,Refunded,Refunded,2025-10-09,0.0,0.0,Sales Epay 2024 - Sheet1.csv
Refunded,2024-10-09,$0.00,$0.00,Brennan,General Liability,Refunded,2025-10-09,0.0,0.0,Sales Epay 2024 - Sheet1.csv
,2024-10-09,$200.00,$0.00,Anthony,Workers Comp,Kemi,2025-10-09,200.0,0.0,Sales Epay 2024 - Sheet1.csv
Refunded,2024-10-10,$0.00,$0.00,Collin,Refunded,Refunded,2025-10-10,0.0,0.0,Sales Epay 2024 - Sheet1.csv
Endorsement ,2024-10-11,$100.00,$62.37,Mike,General Liability,Ai Endorsement,2025-10-11,100.0,62.37,Sales Epay 2024 - Sheet1.csv
Endorsement,2024-10-14,$200.00,$61.76,Jmg/randall,Aiandwosandpw,Gl Endorsement,2025-10-14,200.0,61.76,Sales Epay 2024 - Sheet1.csv
2nd Payment,2024-10-14,$0.00,$0.00,Ted,General Liability,2nd Payment,2025-10-14,0.0,0.0,Sales Epay 2024 - Sheet1.csv
Refunded,2024-10-14,$0.00,$0.00,Ted,Refunded,Refunded,2025-10-14,0.0,0.0,Sales Epay 2024 - Sheet1.csv
Voided,2024-10-14,$0.00,$0.00,Eduardo,Voided,Voided,2025-10-14,0.0,0.0,Sales Epay 2024 - Sheet1.csv
Endorsement,2024-10-14,$70.89,$26.87,Bryan,Gl Endorsement,Isc,2025-10-14,70.89,26.87,Sales Epay 2024 - Sheet1.csv
Endorsement,2024-10-15,$100.00,$123.53,Mike,General Liability,Ai Endorsement,2025-10-15,100.0,123.53,Sales Epay 2024 - Sheet1.csv
Endorsement,2024-10-15,$98.59,$17.60,Brennan,General Liability,Class Code Endors,2025-10-15,98.59,17.6,Sales Epay 2024 - Sheet1.csv
Refunded,2024-10-15,$0.00,$0.00,Eduardo,Refunded,Refunded,2025-10-15,0.0,0.0,Sales Epay 2024 - Sheet1.csv
Endorsement,2024-10-15,$0.00,$100.00,Mark,General Liability,Endorsement 1,2025-10-15,0.0,100.0,Sales Epay 2024 - Sheet1.csv
Refunded,2024-10-16,$0.00,$0.00,Collin,Refunded,Refunded,2025-10-16,0.0,0.0,Sales Epay 2024 - Sheet1.csv
Endorsement,2024-10-16,$16.60,$100.00,Mike,General Liability,Endorsement 2,2025-10-16,16.6,100.0,Sales Epay 2024 - Sheet1.csv
GLSISTC007634724,2024-10-16,$300.00,$431.70,Jmg/randall,Glandex Renewal,Isc,2025-10-16,300.0,431.7,Sales Epay 2024 - Sheet1.csv
RBS0327108,2024-10-17,$497.00,"$1,089.60",Mark,Glandex Renewal,Shied,2025-10-17,497.0,1089.6,Sales Epay 2024 - Sheet1.csv
Audit ,2024-10-17,$0.00,$81.84,Jon,General Liability,Zoom,2025-10-17,0.0,81.84,Sales Epay 2024 - Sheet1.csv
Endorsement,2024-10-17,$200.00,$79.51,Jmg/randall,Limits Endorsement,Gl Endorsement,2025-10-17,200.0,79.51,Sales Epay 2024 - Sheet1.csv
Audit,2024-10-17,$0.00,$75.70,Jon,General Liability,Zoom,2025-10-17,0.0,75.7,Sales Epay 2024 - Sheet1.csv
Endorsement ,2024-10-18,$200.00,$75.46,Jmg/randall,Com Ops,Gl Endorsement,2025-10-18,200.0,75.46,Sales Epay 2024 - Sheet1.csv
Endorsement,2024-10-18,$10.00,$17.12,Dale,General Liability,Limits Endorsement,2025-10-18,10.0,17.12,Sales Epay 2024 - Sheet1.csv
WC Installment,2024-10-18,$0.00,$0.00,Mike,Workers Comp,October Installment,2025-10-18,0.0,0.0,Sales Epay 2024 - Sheet1.csv
Refunded,2024-10-18,$0.00,$0.00,Clint,Refunded,Refunded,2025-10-18,0.0,0.0,Sales Epay 2024 - Sheet1.csv
Endorsement,2024-10-18,$169.00,$0.00,Brennan,Automobile Endors,Progressive,2025-10-18,169.0,0.0,Sales Epay 2024 - Sheet1.csv
Endorsement,2024-10-21,$100.00,$65.47,Collin,General Liability,Blanket Ai Endors,2025-10-21,100.0,65.47,Sales Epay 2024 - Sheet1.csv
Endorsement ,2024-10-21,$350.00,$72.34,Jmg/randall,General Liability,Class Code Endors,2025-10-21,350.0,72.34,Sales Epay 2024 - Sheet1.csv
SCB-GL-000069882,2024-10-21,$200.00,$146.08,Jmg/randall,Gl Reneral Liab,Isc,2025-10-21,200.0,146.08,Sales Epay 2024 - Sheet1.csv
Endorsement,2024-10-21,$200.00,$14.07,Jmg/randall,General Liability,Cg2010 Endors,2025-10-21,200.0,14.07,Sales Epay 2024 - Sheet1.csv
Endorsement,2024-10-21,$150.00,$215.97,Dale,General Liability,Class Code Endors,2025-10-21,150.0,215.97,Sales Epay 2024 - Sheet1.csv
Audit ,2024-10-21,$0.00,$47.73,Jon,General Liability,Zoom,2025-10-21,0.0,47.73,Sales Epay 2024 - Sheet1.csv
Payment to carrier,2024-10-21,$0.00,$0.00,Mike,Workers Comp,Additional Premium,2025-10-21,0.0,0.0,Sales Epay 2024 - Sheet1.csv
Endorsement,2024-10-22,$150.00,$24.90,Eduardo,General Liability,Limits Endorsement,2025-10-22,150.0,24.9,Sales Epay 2024 - Sheet1.csv
2nd payment,2024-10-23,$0.00,$0.00,Anthony,General Liability,2nd Payment,2025-10-23,0.0,0.0,Sales Epay 2024 - Sheet1.csv
Payment to carrier,2024-10-23,$0.00,$0.00,Mike,Workers Comp,Payment To Carrier,2025-10-23,0.0,0.0,Sales Epay 2024 - Sheet1.csv
Enndorsement ,2024-10-23,$0.00,$14.07,Jmg/randall,Cg2010,Gl Endorsement,2025-10-23,0.0,14.07,Sales Epay 2024 - Sheet1.csv
Enndorsement ,2024-10-23,$200.00,$61.76,Jmg/randall,Cg2037,Gl Endorsement,2025-10-23,200.0,61.76,Sales Epay 2024 - Sheet1.csv
GLSISTC007716824,2024-10-23,$700.00,$937.19,Grey,Glandex Renewal,Isc,2025-10-23,700.0,937.19,Sales Epay 2024 - Sheet1.csv
Endorsement ,2024-10-23,$200.00,$14.28,Jmg/randall,Cg2010,Gl Endorsement,2025-10-23,200.0,14.28,Sales Epay 2024 - Sheet1.csv
Endorsement ,2024-10-24,$100.00,$86.72,Clint,General Liability,Limits Endorsement,2025-10-24,100.0,86.72,Sales Epay 2024 - Sheet1.csv
Payment to carrier,2024-10-24,$0.00,$0.00,Mike,Workers Comp,Payment To Carrier,2025-10-24,0.0,0.0,Sales Epay 2024 - Sheet1.csv
2nd Payment,2024-10-24,$0.00,$0.00,Brennan,Workers Comp,2nd Payment,2025-10-24,0.0,0.0,Sales Epay 2024 - Sheet1.csv
Endorsement ,2024-10-24,$200.00,$10.41,Jmg/randall,Limits Change,Gl Endorsement,2025-10-24,200.0,10.41,Sales Epay 2024 - Sheet1.csv
2nd payment,2024-10-24,$0.00,$0.00,Mark,2nd Payment,Isc,2025-10-24,0.0,0.0,Sales Epay 2024 - Sheet1.csv
Endorsement,2024-10-24,$100.00,$13.45,Mike,General Liability,Limits Endorsement,2025-10-24,100.0,13.45,Sales Epay 2024 - Sheet1.csv
Endorsement,2024-10-24,$150.00,$76.15,Grey,General Liability,Ai Endorsement,2025-10-24,150.0,76.15,Sales Epay 2024 - Sheet1.csv
Endorsement,2024-10-25,$100.00,$11.94,Brennan,General Liability,Limist Endorsement,2025-10-25,100.0,11.94,Sales Epay 2024 - Sheet1.csv
Endorsement,2024-10-28,$100.00,$42.40,Mike,General Liability,Endorsement,2025-10-28,100.0,42.4,Sales Epay 2024 - Sheet1.csv
Endorsement,2024-10-28,$0.00,$3.15,Mike,Equipment,Limits Endorsement,2025-10-28,0.0,3.15,Sales Epay 2024 - Sheet1.csv
Endorsement,2024-10-28,$136.46,$99.53,Mark,General Liability,Limits,2025-10-28,136.46,99.53,Sales Epay 2024 - Sheet1.csv
Voided,2024-10-29,$0.00,$0.00,Eduardo,Voided,Voided,2025-10-29,0.0,0.0,Sales Epay 2024 - Sheet1.csv
Refunded,2024-10-29,$0.00,$0.00,Mike,Refunded,Refunded,2025-10-29,0.0,0.0,Sales Epay 2024 - Sheet1.csv
Endorsement,2024-10-30,$200.00,$76.16,Grey,General Liability,Completed Ops End,2025-10-30,200.0,76.16,Sales Epay 2024 - Sheet1.csv
Refunded,2024-10-30,$0.00,$0.00,Clint,Refunded,Refunded,2025-10-30,0.0,0.0,Sales Epay 2024 - Sheet1.csv
Refunded,2024-10-31,$0.00,$0.00,Eduardo,Refunded,Refunded,2025-10-31,0.0,0.0,Sales Epay 2024 - Sheet1.csv
Endorsement,2024-10-31,$100.00,$0.00,Collin,General Liability,State Endors,2025-10-31,100.0,0.0,Sales Epay 2024 - Sheet1.csv
Endorsement,2024-10-31,$200.00,$50.00,Mike,General Liability,Endorsement,2025-10-31,200.0,50.0,Sales Epay 2024 - Sheet1.csv
Endorsement,2024-10-31,$200.00,$76.14,Jmg/randall,Limitsandai,Gl Endorsement,2025-10-31,200.0,76.14,Sales Epay 2024 - Sheet1.csv
Endorsement,2024-10-31,$100.00,$40.45,Clint,General Liability,Limits Endorsemenet,2025-10-31,100.0,40.45,Sales Epay 2024 - Sheet1.csv
Endorsement ,2024-10-31,$200.00,$32.48,Jmg/randall,Gl Endorsement,Isc,2025-10-31,200.0,32.48,Sales Epay 2024 - Sheet1.csv
Voided,2024-11-01,$0.00,$0.00,Cara,Voided,Voided,2025-11-01,0.0,0.0,Sales Epay 2024 - Sheet1.csv
Payment to carrier,2024-11-02,$0.00,$0.00,Mike,Workers Comp,Payment To Carrier,2025-11-02,0.0,0.0,Sales Epay 2024 - Sheet1.csv
GLSISTC007833624,2024-11-02,$250.00,$189.66,Cara,Glandequipment,Isc,2025-11-02,250.0,189.66,Sales Epay 2024 - Sheet1.csv
Broker Fee,2024-11-04,$600.00,$0.00,Mike,General Liability,Additional Broker Fee,2025-11-04,600.0,0.0,Sales Epay 2024 - Sheet1.csv
Endorsement,2024-11-05,$110.43,$50.93,Mark,Gl Endorsement,Isc,2025-11-05,110.43,50.93,Sales Epay 2024 - Sheet1.csv
Endorsement,2024-11-05,$200.00,$86.80,Jmg/randall,House Of Worship,Gl Endorsement,2025-11-05,200.0,86.8,Sales Epay 2024 - Sheet1.csv
Endorsement,2024-11-05,$100.00,$128.10,Mike,Equipment,Endorsement,2025-11-05,100.0,128.1,Sales Epay 2024 - Sheet1.csv
2nd payment ,2024-11-05,$0.00,$0.00,Jmg/randall,Gl Renewal,2nd Payment,2025-11-05,0.0,0.0,Sales Epay 2024 - Sheet1.csv
RBS0329745,2024-11-05,$398.26,$404.16,Chelsea,Gl_excess Rewrite,Shield,2025-11-05,398.26,404.16,Sales Epay 2024 - Sheet1.csv
Endorsement,2024-11-05,$0.00,$16.48,Grey,General Liability,Ai Endorsement,2025-11-05,0.0,16.48,Sales Epay 2024 - Sheet1.csv
Endorsement,2024-11-06,$300.00,$106.97,Clint,General Liability,Limits Andai Endors,2025-11-06,300.0,106.97,Sales Epay 2024 - Sheet1.csv
Endorsement,2024-11-06,$175.88,$63.62,Bryan,General Liability,Completed Ops End,2025-11-06,175.88,63.62,Sales Epay 2024 - Sheet1.csv
2nd payment,2024-11-06,$0.00,$0.00,Chelsea,Gl Renewal,2nd Payment,2025-11-06,0.0,0.0,Sales Epay 2024 - Sheet1.csv
Refunded,2024-11-06,$0.00,$0.00,Collin,Professional Liability,Refunded,2025-11-06,0.0,0.0,Sales Epay 2024 - Sheet1.csv
2nd payment,2024-11-07,$0.00,$0.00,Mark,Gl Renewal,2nd Payment,2025-11-07,0.0,0.0,Sales Epay 2024 - Sheet1.csv
Endorsement,2024-11-07,$100.00,$14.69,Clint,General Liability,Limits Endorsement,2025-11-07,100.0,14.69,Sales Epay 2024 - Sheet1.csv
Endorsement,2024-11-07,$250.00,$335.48,Dale,Excess,Limits Endorsement,2025-11-07,250.0,335.48,Sales Epay 2024 - Sheet1.csv
Endorsement,2024-11-07,$137.94,$16.81,Mark,General Liability,Limits Endorsement,2025-11-07,137.94,16.81,Sales Epay 2024 - Sheet1.csv
Endorsement,2024-11-08,$190.31,$61.45,Mark,Gl Endorsement,Isc,2025-11-08,190.31,61.45,Sales Epay 2024 - Sheet1.csv
Refund,2024-11-08,$0.00,$0.00,Brennan,Refund,Refund,2025-11-08,0.0,0.0,Sales Epay 2024 - Sheet1.csv
2nd payment,2024-11-08,$0.00,$0.00,Mike,General Liability,2nd Payment,2025-11-08,0.0,0.0,Sales Epay 2024 - Sheet1.csv
2nd payment ,2024-11-08,$0.00,$0.00,Jmg/randall,Gl Renewal,2nd Payment,2025-11-08,0.0,0.0,Sales Epay 2024 - Sheet1.csv
Audit ,2024-11-08,$0.00,$244.38,Jon,General Liability,Shield,2025-11-08,0.0,244.38,Sales Epay 2024 - Sheet1.csv
Endorsement,2024-11-08,$100.00,$63.31,Collin,General Liability,Ai Endorsement,2025-11-08,100.0,63.31,Sales Epay 2024 - Sheet1.csv
Endorsement ,2024-11-09,$0.00,$61.48,Jmg/randall,Non-eroding Policy Limits,Gl Endorsement,2025-11-09,0.0,61.48,Sales Epay 2024 - Sheet1.csv
SCB-GL-000071533,2024-11-11,$250.00,$323.50,Grey,General Liability And Equipment,Isc,2025-11-11,250.0,323.5,Sales Epay 2024 - Sheet1.csv
Endorsement,2024-11-12,$100.00,$63.62,Clint,General Liability,Completed Ops End,2025-11-12,100.0,63.62,Sales Epay 2024 - Sheet1.csv
Endorsement,2024-11-13,$100.00,$14.45,Eduardo,General Liability,Cg 2010 Endors,2025-11-13,100.0,14.45,Sales Epay 2024 - Sheet1.csv
Endorsement,2024-11-13,$100.64,$64.85,Chelsea,General Liability,Ai Endorsement,2025-11-13,100.64,64.85,Sales Epay 2024 - Sheet1.csv
Payment to carrier,2024-11-13,$0.00,$0.00,Anthony,Workers Comp,Payment To Carrier,2025-11-13,0.0,0.0,Sales Epay 2024 - Sheet1.csv
Endorsement,2024-11-13,$250.00,$57.30,Clint,Equipment,Endorsement,2025-11-13,250.0,57.3,Sales Epay 2024 - Sheet1.csv
Endorsement,2024-11-14,$0.00,$0.00,Mike,Workers Comp,Limits Endorsement,2025-11-14,0.0,0.0,Sales Epay 2024 - Sheet1.csv
Endorsement,2024-11-14,$0.00,$30.00,Mike,General Liability,Single Ai,2025-11-14,0.0,30.0,Sales Epay 2024 - Sheet1.csv
Audit,2024-11-14,$0.00,$75.70,Jon,General Liability,Zoom,2025-11-14,0.0,75.7,Sales Epay 2024 - Sheet1.csv
2nd payment,2024-11-15,$0.00,$0.00,Ted,General Liability,2nd Payment,2025-11-15,0.0,0.0,Sales Epay 2024 - Sheet1.csv
Endorsement,2024-11-15,$100.00,$26.85,Mike,Equipment,Endorsement 4,2025-11-15,100.0,26.85,Sales Epay 2024 - Sheet1.csv
Voided,2024-11-15,$0.00,$0.00,Mike,Voided,Voided,2025-11-15,0.0,0.0,Sales Epay 2024 - Sheet1.csv
Audit ,2024-11-15,$0.00,$85.98,Jon,General Liability,Zoom,2025-11-15,0.0,85.98,Sales Epay 2024 - Sheet1.csv
2nd payment,2024-11-18,$0.00,$0.00,Collin,Workes Comp,2nd Payment,2025-11-18,0.0,0.0,Sales Epay 2024 - Sheet1.csv
,2024-11-18,$500.00,$0.00,Grey,Workers Comp,Ncci,2025-11-18,500.0,0.0,Sales Epay 2024 - Sheet1.csv
Audit ,2024-11-19,$0.00,$47.73,Jon,General Liability,Zoom,2025-11-19,0.0,47.73,Sales Epay 2024 - Sheet1.csv
Endorsement ,2024-11-19,$352.59,$134.61,Jmg/randall,School Or Recreational Facility,Endorsement,2025-11-19,352.59,134.61,Sales Epay 2024 - Sheet1.csv
Audit,2024-11-20,$0.00,$81.84,Jon,General Liability,Zoon,2025-11-20,0.0,81.84,Sales Epay 2024 - Sheet1.csv
Endorsement,2024-11-20,$100.00,$39.15,Mike,Equipment,Endorsement 1,2025-11-20,100.0,39.15,Sales Epay 2024 - Sheet1.csv
Endorsement,2024-11-20,$101.74,$127.24,Chelsea,General Liability,Ai Endorsement,2025-11-20,101.74,127.24,Sales Epay 2024 - Sheet1.csv
Audit,2024-11-20,$0.00,$564.03,Jon,General Liability,Zoom,2025-11-20,0.0,564.03,Sales Epay 2024 - Sheet1.csv
Refunded,2024-11-21,$0.00,$0.00,Cara,Refunded,Refunded,2025-11-21,0.0,0.0,Sales Epay 2024 - Sheet1.csv
Endorsement,2024-11-21,$75.00,$30.00,Chelsea,General Liability,Single Ai Endors,2025-11-21,75.0,30.0,Sales Epay 2024 - Sheet1.csv
Audit,2024-11-21,$0.00,$302.85,Jon,General Liability,Shield,2025-11-21,0.0,302.85,Sales Epay 2024 - Sheet1.csv
Audit,2024-11-22,$0.00,$253.20,Jon,General Liability,Shield,2025-11-22,0.0,253.2,Sales Epay 2024 - Sheet1.csv
2nd payment,2024-11-22,$0.00,$0.00,Mike,General Liability,2nd Payment,2025-11-22,0.0,0.0,Sales Epay 2024 - Sheet1.csv
Endorsement ,2024-11-25,$200.00,$75.47,Jmg/randall,Gl Additional I,Endorsement,2025-11-25,200.0,75.47,Sales Epay 2024 - Sheet1.csv
Voided,2024-11-25,$0.00,$0.00,Mike,Voided,Voided,2025-11-25,0.0,0.0,Sales Epay 2024 - Sheet1.csv
Endorsement,2024-11-25,$50.00,$0.70,Collin,General Liability,Class Codes Endors,2025-11-25,50.0,0.7,Sales Epay 2024 - Sheet1.csv
60A3FF0000923-00,2024-11-26,"$1,000.00",$800.00,Mike,Excess $4m,Amwins,2025-11-26,1000.0,800.0,Sales Epay 2024 - Sheet1.csv
EXL0004120,2024-11-26,"$3,000.00","$2,750.00",Mike,Excess $5m,Amwins,2025-11-26,3000.0,2750.0,Sales Epay 2024 - Sheet1.csv
Audit,2024-12-03,$0.00,$858.69,Jon,General Liability,Zoom,2025-12-03,0.0,858.69,Sales Epay 2024 - Sheet1.csv
Endorsement,2024-12-04,$150.00,$18.12,Ted,Gl Endorsement,Isc,2025-12-04,150.0,18.12,Sales Epay 2024 - Sheet1.csv
2nd payment ,2024-12-04,$0.00,$0.00,Jmg/randall,General Liability,2nd Payment,2025-12-04,0.0,0.0,Sales Epay 2024 - Sheet1.csv
Endorsement,2024-12-04,$200.00,$25.00,Mike,General Liability,Non-owed Auto End,2025-12-04,200.0,25.0,Sales Epay 2024 - Sheet1.csv
Endorsement,2024-12-04,$108.72,$21.19,Bryan,General Liability,Limits Endorsement,2025-12-04,108.72,21.19,Sales Epay 2024 - Sheet1.csv
Endorsement,2024-12-04,$0.00,$63.64,Clint,General Liability,Ai Endorsement,2025-12-04,0.0,63.64,Sales Epay 2024 - Sheet1.csv
Refunded,2024-12-04,$0.00,$0.00,Jmg/randall,Refunded,Refunded,2025-12-04,0.0,0.0,Sales Epay 2024 - Sheet1.csv
Audit,2024-12-04,$0.00,$377.28,Jon,General Liability,Shield,2025-12-04,0.0,377.28,Sales Epay 2024 - Sheet1.csv
Endorsement,2024-12-04,$200.00,$0.00,Mark,Wc State Endors,Liberty Mutual,2025-12-04,200.0,0.0,Sales Epay 2024 - Sheet1.csv
2nd payment,2024-12-04,$0.00,$0.00,Grey,Glandexcess,2nd Payment,2025-12-04,0.0,0.0,Sales Epay 2024 - Sheet1.csv
ISCPC04000042420,2024-12-04,$200.00,$143.89,Clint,Glandequipment,Isc,2025-12-04,200.0,143.89,Sales Epay 2024 - Sheet1.csv
Endorsement,2024-12-05,$200.00,$130.94,Mark,General Liability,Per Project Endors,2025-12-05,200.0,130.94,Sales Epay 2024 - Sheet1.csv
Endorsement,2024-12-06,$200.00,$45.05,Jmg/randall,General Liability,Gross Sales Endors,2025-12-06,200.0,45.05,Sales Epay 2024 - Sheet1.csv
SCB-GL-000073175,2024-12-06,$250.00,$226.00,Cara,Gl And Equipment,Isc,2025-12-06,250.0,226.0,Sales Epay 2024 - Sheet1.csv
Endorsement,2024-12-06,$200.00,$147.75,Dale,General Liability,Limits,2025-12-06,200.0,147.75,Sales Epay 2024 - Sheet1.csv
Payment to carrier,2024-12-09,$0.00,$0.00,Ted,Payment To Carrier,Btis,2025-12-09,0.0,0.0,Sales Epay 2024 - Sheet1.csv
Endorsement ,2024-12-10,$0.00,$64.86,Jmg/randall,Gl Endosrment,Isc,2025-12-10,0.0,64.86,Sales Epay 2024 - Sheet1.csv
Endorsement ,2024-12-10,$342.44,$173.63,Bryan,General Liability,Limits,2025-12-10,342.44,173.63,Sales Epay 2024 - Sheet1.csv
Audit ,2024-12-10,$0.00,$89.31,Jon,General Liability,Zoom,2025-12-10,0.0,89.31,Sales Epay 2024 - Sheet1.csv
Refunded,2024-12-11,$0.00,$0.00,Eduardo,Refunded,Refunded,2025-12-11,0.0,0.0,Sales Epay 2024 - Sheet1.csv
Endorsement,2024-12-12,$75.79,$3.78,Chelsea,General Liability,Limits Endors,2025-12-12,75.79,3.78,Sales Epay 2024 - Sheet1.csv
Audit,2024-12-12,$0.00,$33.59,Jon,General Liability,Zoom,2025-12-12,0.0,33.59,Sales Epay 2024 - Sheet1.csv
Audit,2024-12-12,$0.00,$244.38,Jon,General Liability,Shield,2025-12-12,0.0,244.38,Sales Epay 2024 - Sheet1.csv
Refunded,2024-12-12,$0.00,$0.00,Collin,Redunded,Refunded,2025-12-12,0.0,0.0,Sales Epay 2024 - Sheet1.csv
Endorsement,2024-12-13,$0.00,$64.23,Cara,General Liability,Ai Endorsement,2025-12-13,0.0,64.23,Sales Epay 2024 - Sheet1.csv
2nd payment,2024-12-13,$0.00,$0.00,Ted,General Liability,2nd Payment,2025-12-13,0.0,0.0,Sales Epay 2024 - Sheet1.csv
,2024-12-13,$300.00,$0.00,Ted,Workers Comp,,2025-12-13,300.0,0.0,Sales Epay 2024 - Sheet1.csv
2nd Payment,2024-12-14,$0.00,$0.00,Grey,Gl Renewal,2nd Payment,2025-12-14,0.0,0.0,Sales Epay 2024 - Sheet1.csv
CSB-00060444-02,2024-12-14,$381.00,$0.00,Grey,Gl 1 Renewal,Coterie,2025-12-14,381.0,0.0,Sales Epay 2024 - Sheet1.csv
CSB-00060442-02,2024-12-14,$392.00,$0.00,Grey,Gl 2 Renewal,Coterie,2025-12-14,392.0,0.0,Sales Epay 2024 - Sheet1.csv
Endorsement,2024-12-16,$100.00,$64.86,Cara,General Liability,Ai Endorsement,2025-12-16,100.0,64.86,Sales Epay 2024 - Sheet1.csv
Endorsement,2024-12-16,$50.00,$16.07,Cara,Increased Limits,Endorsement,2025-12-16,50.0,16.07,Sales Epay 2024 - Sheet1.csv
ISCPC04000042867,2024-12-16,$500.00,$468.11,Eduardo,Glandbr Renewal,Isc,2025-12-16,500.0,468.11,Sales Epay 2024 - Sheet1.csv
Endorsement ,2024-12-16,$200.00,$61.76,Jmg/randall,Additional Insured,Endrosement,2025-12-16,200.0,61.76,Sales Epay 2024 - Sheet1.csv
Refunded,2024-12-17,$0.00,$0.00,Eduardo,Refunded,Refunded,2025-12-17,0.0,0.0,Sales Epay 2024 - Sheet1.csv
,2024-12-17,,,Bryan,Workers Comp,,2025-12-17,0.0,0.0,Sales Epay 2024 - Sheet1.csv
Voided,2024-12-17,$0.00,$0.00,Cara,Voided,Voided,2025-12-17,0.0,0.0,Sales Epay 2024 - Sheet1.csv
Endorsement,2024-12-17,$0.00,$56.58,Bryan,General Liability,Non-eroding Endors,2025-12-17,0.0,56.58,Sales Epay 2024 - Sheet1.csv
Refunded,2024-12-18,$0.00,$0.00,Anthony,Refund,Refund,2025-12-18,0.0,0.0,Sales Epay 2024 - Sheet1.csv
Endorsement,2024-12-18,$93.25,$12.50,Mike,General Liability,Cg2010,2025-12-18,93.25,12.5,Sales Epay 2024 - Sheet1.csv
Endorsement,2024-12-18,$0.00,$149.22,Jmg/randall,Heating Decivesand Multi Structural,Gl Endorsement,2025-12-18,0.0,149.22,Sales Epay 2024 - Sheet1.csv
BDE2024001268,2024-12-19,$137.93,$75.00,Cara,Eando,Btis,2025-12-19,137.93,75.0,Sales Epay 2024 - Sheet1.csv
Endorsement,2024-12-19,$200.00,$22.30,Jmg/randall,Limits,Gl Endorsement,2025-12-19,200.0,22.3,Sales Epay 2024 - Sheet1.csv
Audit,2024-12-19,$0.00,$47.73,Jon,General Liability,Zoom,2025-12-19,0.0,47.73,Sales Epay 2024 - Sheet1.csv
Endorsement,2024-12-21,$80.00,$45.84,Grey,General Liability,Gross Receipts Endors,2025-12-21,80.0,45.84,Sales Epay 2024 - Sheet1.csv
Audit ,2024-12-26,$0.00,$233.31,Jon,General Liability,Zoom,2025-12-26,0.0,233.31,Sales Epay 2024 - Sheet1.csv
Endorsement,2024-12-26,$86.80,$31.98,Chelsea,General Liability,Limts Endorsement,2025-12-26,86.8,31.98,Sales Epay 2024 - Sheet1.csv
2nd payment,2024-12-26,$0.00,$0.00,Grey,Workers Comp,2nd Payment,2025-12-26,0.0,0.0,Sales Epay 2024 - Sheet1.csv
Endorsmeent,2024-12-27,$100.00,$78.13,Eduardo,General Liability,Completed Ops,2025-12-27,100.0,78.13,Sales Epay 2024 - Sheet1.csv
Voided,2024-12-27,$0.00,$0.00,Eduardo,Voided,Voided,2025-12-27,0.0,0.0,Sales Epay 2024 - Sheet1.csv
Endorsement,2024-12-30,$200.00,$6.29,Jmg/randall,General Liability,Limits Endorsement,2025-12-30,200.0,6.29,Sales Epay 2024 - Sheet1.csv
Endorsement,2025-01-02,$75.00,$3.52,Cara,General Liability,Limits Endorsement,2026-01-02,75.0,3.52,Sales Epay 2025 - Sheet1.csv
Endorsement,2025-01-02,$100.00,$82.02,Mike,General Liability,Class Code Endors,2026-01-02,100.0,82.02,Sales Epay 2025 - Sheet1.csv
Voided,2025-01-02,$0.00,$0.00,Jon,Voided,Voided,2026-01-02,0.0,0.0,Sales Epay 2025 - Sheet1.csv
,2025-01-03,$350.00,$0.00,Cara,Workers Comp,Njcrib,2026-01-03,350.0,0.0,Sales Epay 2025 - Sheet1.csv
Refunded,2025-01-03,$0.00,$0.00,Jmg/randall,Refunded,Refunded,2026-01-03,0.0,0.0,Sales Epay 2025 - Sheet1.csv
Voided,2025-01-03,$0.00,$0.00,Jmg/randall,Voided,Voided,2026-01-03,0.0,0.0,Sales Epay 2025 - Sheet1.csv
Refunded,2025-01-03,$0.00,$0.00,Clint,Refunded,Refunded,2026-01-03,0.0,0.0,Sales Epay 2025 - Sheet1.csv
WC PI 1988593-000,2025-01-03,$300.00,$0.00,Mike,Wc Rewrite,Isc Wholesale,2026-01-03,300.0,0.0,Sales Epay 2025 - Sheet1.csv
Audit ,2025-01-03,$0.00,$377.28,Jon,General Liability,Shield,2026-01-03,0.0,377.28,Sales Epay 2025 - Sheet1.csv
Endorsement,2025-01-06,$300.00,$108.80,Jmg/randall,Excess Limits,Gl Endorsement,2026-01-06,300.0,108.8,Sales Epay 2025 - Sheet1.csv
ISCP04000043616,2025-01-06,$700.00,"$1,025.29",Collin,Glandequipment Rewrite,Isc,2026-01-06,700.0,1025.29,Sales Epay 2025 - Sheet1.csv
,2025-01-06,$280.00,$0.00,Mike,Workers Comp,Njcrib,2026-01-06,280.0,0.0,Sales Epay 2025 - Sheet1.csv
Refunded,2025-01-06,$100.00,$0.00,Mike,Equipment,Btis,2026-01-06,100.0,0.0,Sales Epay 2025 - Sheet1.csv
Audit ,2025-01-07,$0.00,$244.38,Jon,General Liability,Shield,2026-01-07,0.0,244.38,Sales Epay 2025 - Sheet1.csv
Endorsement,2025-01-08,$0.00,$79.71,Cara,Br Endorsement,Isc,2026-01-08,0.0,79.71,Sales Epay 2025 - Sheet1.csv
ISCP04000043769,2025-01-08,$450.00,$589.70,Mike,Glandexandeq Renewal,Isc,2026-01-08,450.0,589.7,Sales Epay 2025 - Sheet1.csv
ISCP04000043808,2025-01-09,$600.00,$699.94,Collin,Glandexcess Rewrite,Isc,2026-01-09,600.0,699.94,Sales Epay 2025 - Sheet1.csv
Endorsement,2025-01-10,$150.00,$61.76,Collin,General Liability,Completed Ops End,2026-01-10,150.0,61.76,Sales Epay 2025 - Sheet1.csv
TWC4562007,2025-01-10,$200.00,$0.00,Chelsea,Wc Rewrite,Amtrust,2026-01-10,200.0,0.0,Sales Epay 2025 - Sheet1.csv
Endorsement,2025-01-10,$72.00,$0.00,Chelsea,Wc Endorsement,Biberk,2026-01-10,72.0,0.0,Sales Epay 2025 - Sheet1.csv
Endorsement,2025-01-10,$100.00,$93.94,Collin,General Liability,Gross Receipts End,2026-01-10,100.0,93.94,Sales Epay 2025 - Sheet1.csv
Audit,2025-01-10,$0.00,$63.84,Jon,General Liability,Shield,2026-01-10,0.0,63.84,Sales Epay 2025 - Sheet1.csv
Carrier payment,2025-01-13,$0.00,$0.00,Mike,Wc Carrier Fee,Btis,2026-01-13,0.0,0.0,Sales Epay 2025 - Sheet1.csv
Endorsement,2025-01-13,$100.26,$36.86,Chelsea,General Liability,Limits Endorsement,2026-01-13,100.26,36.86,Sales Epay 2025 - Sheet1.csv
Endorsement,2025-01-13,$132.10,$17.10,Collin,General Liability,Limits Endorsement,2026-01-13,132.1,17.1,Sales Epay 2025 - Sheet1.csv
Audit,2025-01-13,$0.00,$302.85,Jon,General Liability,Shield,2026-01-13,0.0,302.85,Sales Epay 2025 - Sheet1.csv
Endorsement,2025-01-14,$100.56,$134.77,Chelsea,Limits Endors,Isc,2026-01-14,100.56,134.77,Sales Epay 2025 - Sheet1.csv
Endorsement,2025-01-14,$0.00,$33.01,Mike,Limits Gl Endors,Isc,2026-01-14,0.0,33.01,Sales Epay 2025 - Sheet1.csv
Refund,2025-01-15,$0.00,$0.00,Eduardo,Refund,Refund,2026-01-15,0.0,0.0,Sales Epay 2025 - Sheet1.csv
,2025-01-15,$300.00,$0.00,Clint,Workers Comp,Ncci,2026-01-15,300.0,0.0,Sales Epay 2025 - Sheet1.csv
Endorsement ,2025-01-16,$0.00,$54.50,Jmg/randall,Address Change,Gl Endorsement,2026-01-16,0.0,54.5,Sales Epay 2025 - Sheet1.csv
,2025-01-16,$250.00,$0.00,Eduardo,Workers Comp,Njcrib,2026-01-16,250.0,0.0,Sales Epay 2025 - Sheet1.csv
2nd payment,2025-01-16,$0.00,$0.00,Mike,Equipment,2nd Payment,2026-01-16,0.0,0.0,Sales Epay 2025 - Sheet1.csv
Refunded,2025-01-17,$0.00,$0.00,Mike,Refunded,Refunded,2026-01-17,0.0,0.0,Sales Epay 2025 - Sheet1.csv
Endorsement,2025-01-17,$110.10,$64.79,Chelsea,Ai Gl Endorsement,Isc,2026-01-17,110.1,64.79,Sales Epay 2025 - Sheet1.csv
Endorsement,2025-01-17,$150.00,$215.48,Grey,Gl Endorsement,Isc,2026-01-17,150.0,215.48,Sales Epay 2025 - Sheet1.csv
BAS-51225-1,2025-01-17,$400.00,$199.90,Clint,General Liability,,2026-01-17,400.0,199.9,Sales Epay 2025 - Sheet1.csv
Endorsement,2025-01-21,$50.00,$30.00,Grey,Gl Endorsement,Isc,2026-01-21,50.0,30.0,Sales Epay 2025 - Sheet1.csv
GLSISTC008476925,2025-01-21,$600.00,$732.53,Clint,Tcic,Glandequipment,2026-01-21,600.0,732.53,Sales Epay 2025 - Sheet1.csv
2nd payment,2025-01-22,$0.00,$0.00,Eduardo,Workers Comp,2nd Payment,2026-01-22,0.0,0.0,Sales Epay 2025 - Sheet1.csv
Payment to carrier,2025-01-22,$0.00,$0.00,Clint,Workers Comp,Payment To Carrier,2026-01-22,0.0,0.0,Sales Epay 2025 - Sheet1.csv
Endorsement,2025-01-22,$110.39,$13.44,Mark,Limits Gl Endors,Isc,2026-01-22,110.39,13.44,Sales Epay 2025 - Sheet1.csv
Endorsement,2025-01-22,$150.00,$76.86,Grey,Gl Endorsement,Isc,2026-01-22,150.0,76.86,Sales Epay 2025 - Sheet1.csv
Endorsement,2025-01-24,$50.00,$0.00,Chelsea,Wc Endorsement,New Mexico,2026-01-24,50.0,0.0,Sales Epay 2025 - Sheet1.csv
Endorsement,2025-01-24,$100.87,$63.62,Chelsea,Per Project,Isc,2026-01-24,100.87,63.62,Sales Epay 2025 - Sheet1.csv
,2025-01-24,$200.00,$0.00,Eduardo,Disability,Nysif,2026-01-24,200.0,0.0,Sales Epay 2025 - Sheet1.csv
,2025-01-27,$500.00,$0.00,Grey,Workers Comp,Btis,2026-01-27,500.0,0.0,Sales Epay 2025 - Sheet1.csv
,2025-01-27,$300.00,$0.00,Cara,Workers Comp,Ncci,2026-01-27,300.0,0.0,Sales Epay 2025 - Sheet1.csv
2nd Payment,2025-01-28,$0.00,$0.00,Mike,General Liability,2nd Payment,2026-01-28,0.0,0.0,Sales Epay 2025 - Sheet1.csv
,2025-01-28,$250.00,$0.00,Cara,Workers Comp,Ncci,2026-01-28,250.0,0.0,Sales Epay 2025 - Sheet1.csv
Endorsement,2025-01-28,$0.00,$79.35,Chelsea,Multi Unit Gl Endors,Isc,2026-01-28,0.0,79.35,Sales Epay 2025 - Sheet1.csv
Refunded,2025-01-28,$0.00,$0.00,Jmg/randall,Refunded,Refunded,2026-01-28,0.0,0.0,Sales Epay 2025 - Sheet1.csv
Refunded,2025-01-29,$0.00,$0.00,Jmg/randall,Refunded,Refunded,2026-01-29,0.0,0.0,Sales Epay 2025 - Sheet1.csv
,2025-01-29,$400.00,$0.00,Mark,Workers Comp,Ncci,2026-01-29,400.0,0.0,Sales Epay 2025 - Sheet1.csv
2nd payment,2025-01-29,$0.00,$0.00,Eduardo,Glandexcess,2nd Payment,2026-01-29,0.0,0.0,Sales Epay 2025 - Sheet1.csv
,2025-01-29,$300.00,$287.93,Cara,General Liability,Isc,2026-01-29,300.0,287.93,Sales Epay 2025 - Sheet1.csv
Endorsement,2025-01-29,$100.00,$13.57,Grey,Limits Gl Endors,Osc,2026-01-29,100.0,13.57,Sales Epay 2025 - Sheet1.csv
2nd Payment,2025-01-30,$0.00,$0.00,Eduardo,General Liability,2nd Payment,2026-01-30,0.0,0.0,Sales Epay 2025 - Sheet1.csv
3rd Payment,2025-01-31,$0.00,$0.00,Eduardo,General Liability,3rd Payment,2026-01-31,0.0,0.0,Sales Epay 2025 - Sheet1.csv
Endorsmeent,2025-01-31,$150.00,$76.16,Collin,Ai Gl Endors,Isc,2026-01-31,150.0,76.16,Sales Epay 2025 - Sheet1.csv
2nd payment,2025-01-31,$0.00,$0.00,Cara,General Liability,2nd Payment,2026-01-31,0.0,0.0,Sales Epay 2025 - Sheet1.csv
,2025-02-01,$500.00,$0.00,Mark,Workers Comp,Ncci,2026-02-01,500.0,0.0,Sales Epay 2025 - Sheet1.csv
,2025-02-03,$300.00,$0.00,Chelsea,Wc Renewal,Ncrb,2026-02-03,300.0,0.0,Sales Epay 2025 - Sheet1.csv
,2025-02-04,$400.00,$0.00,Cara,Workers Comp,Njcrib,2026-02-04,400.0,0.0,Sales Epay 2025 - Sheet1.csv
,2025-02-04,$300.00,$0.00,Clint,Workers Comp,Ncci,2026-02-04,300.0,0.0,Sales Epay 2025 - Sheet1.csv
Voided,2025-02-05,$0.00,$0.00,Mark,Voided,Voided,2026-02-05,0.0,0.0,Sales Epay 2025 - Sheet1.csv
Endorsement,2025-02-05,$0.00,$136.79,Clint,Exclusion Gl Endors,Isc,2026-02-05,0.0,136.79,Sales Epay 2025 - Sheet1.csv
,2025-02-05,$208.23,$167.19,Chelsea,Gl Renewal,Isc,2026-02-05,208.23,167.19,Sales Epay 2025 - Sheet1.csv
Refunded,2025-02-06,$0.00,$0.00,Chelsea,Refunded,Refunded,2026-02-06,0.0,0.0,Sales Epay 2025 - Sheet1.csv
Refunded,2025-02-06,$0.00,$0.00,Chelsea,Refunded,Refunded,2026-02-06,0.0,0.0,Sales Epay 2025 - Sheet1.csv
Endorsement ,2025-02-07,$200.00,$64.23,Jmg/randall,General Liability,Additional Insured,2026-02-07,200.0,64.23,Sales Epay 2025 - Sheet1.csv
Endorsement ,2025-02-07,$200.00,$13.75,Jmg/randall,General Liability,Class Codes,2026-02-07,200.0,13.75,Sales Epay 2025 - Sheet1.csv
,2025-02-07,$300.00,$0.00,Julie,Workers Comp,Ncci,2026-02-07,300.0,0.0,Sales Epay 2025 - Sheet1.csv
Audit ,2025-02-07,$0.00,$265.94,Jon,General Liability,Zoom,2026-02-07,0.0,265.94,Sales Epay 2025 - Sheet1.csv
,2025-02-07,$400.00,$0.00,Jmg/randall,Workers Comp,Njcrib,2026-02-07,400.0,0.0,Sales Epay 2025 - Sheet1.csv
Refunded,2025-02-10,$0.00,$0.00,Mike,Refunded,Refunded,2026-02-10,0.0,0.0,Sales Epay 2025 - Sheet1.csv
Endorsement,2025-02-10,$0.00,$4.16,Cara,Limits Gl Endors,Isc,2026-02-10,0.0,4.16,Sales Epay 2025 - Sheet1.csv
,2025-02-10,$600.00,$0.00,Chelsea,Workers Comp,Ncci,2026-02-10,600.0,0.0,Sales Epay 2025 - Sheet1.csv
Refunded,2025-02-10,$0.00,$0.00,Jmg/randall,Refunded,Refunded,2026-02-10,0.0,0.0,Sales Epay 2025 - Sheet1.csv
,2025-02-10,$0.00,$150.00,Clint,Excess,Appalachian,2026-02-10,0.0,150.0,Sales Epay 2025 - Sheet1.csv
Audit,2025-02-10,$0.00,$244.38,Jon,General Liability,Shield,2026-02-10,0.0,244.38,Sales Epay 2025 - Sheet1.csv
Endorsement,2025-02-10,$0.00,$49.50,Clint,Limits Gl Endors,Isc,2026-02-10,0.0,49.5,Sales Epay 2025 - Sheet1.csv
,2025-02-10,$600.00,$0.00,Mike,Workers Comp,Travelers,2026-02-10,600.0,0.0,Sales Epay 2025 - Sheet1.csv
Refunded,2025-02-11,$0.00,$0.00,Eduardo,Refunded,Refunded,2026-02-11,0.0,0.0,Sales Epay 2025 - Sheet1.csv
SCB-GL-000078314,2025-02-11,$757.73,$864.62,Jmg/randall,Gl And Ex,Isc,2026-02-11,757.73,864.62,Sales Epay 2025 - Sheet1.csv
Payment to carrier,2025-02-11,$0.00,$0.00,Chelsea,Workers Comp,Payment To Carrier,2026-02-11,0.0,0.0,Sales Epay 2025 - Sheet1.csv
Audit ,2025-02-11,$0.00,$62.50,Jon,General Liability,Usg,2026-02-11,0.0,62.5,Sales Epay 2025 - Sheet1.csv
2nd payment,2025-02-11,$0.00,$0.00,Mike,General Liability,2nd Payment,2026-02-11,0.0,0.0,Sales Epay 2025 - Sheet1.csv
,2025-02-12,$300.00,$0.00,Eduardo,Workers Comp,Njcrib,2026-02-12,300.0,0.0,Sales Epay 2025 - Sheet1.csv
Endorsement,2025-02-12,$0.00,$34.91,Collin,Limits Gl Endors,Isc,2026-02-12,0.0,34.91,Sales Epay 2025 - Sheet1.csv
,2025-02-12,$400.00,$0.00,Mark,Workers Comp,Njcrib,2026-02-12,400.0,0.0,Sales Epay 2025 - Sheet1.csv
,2025-02-12,$700.00,$0.00,Bryan,Workers Comp,,2026-02-12,700.0,0.0,Sales Epay 2025 - Sheet1.csv
Endorsement ,2025-02-12,$100.00,$13.25,Jmg/randall,Limits Endorsement,General Liability,2026-02-12,100.0,13.25,Sales Epay 2025 - Sheet1.csv
GLSISTC008604925,2025-02-12,$750.00,$925.09,Clint,Glandex Renewal,Isc,2026-02-12,750.0,925.09,Sales Epay 2025 - Sheet1.csv
Endorsement ,2025-02-12,$200.00,$38.59,Jmg/randall,Limits Endorsement,General Liability,2026-02-12,200.0,38.59,Sales Epay 2025 - Sheet1.csv
2nd payment,2025-02-12,$0.00,$0.00,Collin,Limits Gl Endors,2nd Payment,2026-02-12,0.0,0.0,Sales Epay 2025 - Sheet1.csv
Endorsement ,2025-02-13,$0.00,$14.25,Jmg/randall,Cg2010,Gl Endorsement,2026-02-13,0.0,14.25,Sales Epay 2025 - Sheet1.csv
Voided,2025-02-13,$0.00,$0.00,Jon,Voided,Voided,2026-02-13,0.0,0.0,Sales Epay 2025 - Sheet1.csv
,2025-02-13,$200.00,$0.00,Eduardo,Workers Comp,Mwcia,2026-02-13,200.0,0.0,Sales Epay 2025 - Sheet1.csv
Audit,2025-02-14,$0.00,$187.67,Jon,General Liability,Zoom,2026-02-14,0.0,187.67,Sales Epay 2025 - Sheet1.csv
Refunded,2025-02-14,$100.00,$0.00,Grey,Refunded,Refunded,2026-02-14,100.0,0.0,Sales Epay 2025 - Sheet1.csv
Endorsement,2025-02-14,$250.00,$157.35,Clint,Gl Gross Receipts Endors,Isc,2026-02-14,250.0,157.35,Sales Epay 2025 - Sheet1.csv
Payment to carrier,2025-02-14,$0.00,$0.00,Clint,Workers Comp,Payment To Carrier,2026-02-14,0.0,0.0,Sales Epay 2025 - Sheet1.csv
,2025-02-17,$300.00,$0.00,Cara,Workers Comp,Isc Wholesale,2026-02-17,300.0,0.0,Sales Epay 2025 - Sheet1.csv
,2025-02-17,$180.00,$0.00,Mike,Workers Comp,Ncci,2026-02-17,180.0,0.0,Sales Epay 2025 - Sheet1.csv
,2025-02-18,$400.00,$0.00,Jmg/randall,Workers Comp,Ncci,2026-02-18,400.0,0.0,Sales Epay 2025 - Sheet1.csv
,2025-02-18,,,Clint,Cargo Insurance?,,2026-02-18,0.0,0.0,Sales Epay 2025 - Sheet1.csv
Endrosement,2025-02-18,$100.00,$122.48,Cara,Gl Limits Endors,Isc,2026-02-18,100.0,122.48,Sales Epay 2025 - Sheet1.csv
Audit ,2025-02-18,$0.00,$302.85,Jon,General Liability,Shield,2026-02-18,0.0,302.85,Sales Epay 2025 - Sheet1.csv
Endorsmenet,2025-02-19,$0.00,$25.00,Mike,Fire Limit Gl Endors,Risk Transfer,2026-02-19,0.0,25.0,Sales Epay 2025 - Sheet1.csv
Payment to carrier,2025-02-19,$0.00,$0.00,Mike,Workers Comp,Payment To Carrier,2026-02-19,0.0,0.0,Sales Epay 2025 - Sheet1.csv
Endorsement,2025-02-19,$150.00,$10.92,Clint,Gl Limits Endors,Isc,2026-02-19,150.0,10.92,Sales Epay 2025 - Sheet1.csv
Endrosement,2025-02-19,$200.00,$65.47,Jmg/randall,Additional Insured,Gl Endorsement,2026-02-19,200.0,65.47,Sales Epay 2025 - Sheet1.csv
,2025-02-19,$300.00,$0.00,Clint,Workers Comp,Biberk,2026-02-19,300.0,0.0,Sales Epay 2025 - Sheet1.csv
,2025-02-19,$400.00,$0.00,Mark,Workers Comp,Ncci,2026-02-19,400.0,0.0,Sales Epay 2025 - Sheet1.csv
Endorsement,2025-02-19,$0.02,$183.75,Chelsea,Gl Limitsandai Endors,Isc,2026-02-19,0.02,183.75,Sales Epay 2025 - Sheet1.csv
Endorsement,2025-02-19,$150.00,$61.77,Collin,Gl Ai Endors,Isc,2026-02-19,150.0,61.77,Sales Epay 2025 - Sheet1.csv
Audit ,2025-02-20,$0.00,$377.28,Jon,General Liability,Shield,2026-02-20,0.0,377.28,Sales Epay 2025 - Sheet1.csv
Endorsement,2025-02-20,$200.00,$42.14,Jmg/randall,Multi-unit,Endorsement,2026-02-20,200.0,42.14,Sales Epay 2025 - Sheet1.csv
Endorsement,2025-02-20,$200.00,$20.11,Mike,Gl Endorsement,Pathpoint,2026-02-20,200.0,20.11,Sales Epay 2025 - Sheet1.csv
WC F299706 00,2025-02-20,$300.00,$0.00,Mark,Workers Comp,,2026-02-20,300.0,0.0,Sales Epay 2025 - Sheet1.csv
Audit ,2025-02-20,$0.00,$299.59,Jon,General Liability,Zoom,2026-02-20,0.0,299.59,Sales Epay 2025 - Sheet1.csv
,2025-02-21,$750.00,$967.57,Clint,Gl Renewal,Isc,2026-02-21,750.0,967.57,Sales Epay 2025 - Sheet1.csv
SCB-GL-000079592,2025-02-21,$350.00,$248.50,Collin,Gl And Eq Renewal,Isc,2026-02-21,350.0,248.5,Sales Epay 2025 - Sheet1.csv
,2025-02-21,,,Julie,Workers Comp,,2026-02-21,0.0,0.0,Sales Epay 2025 - Sheet1.csv
,2025-02-21,$200.00,$225.94,Chelsea,General Liability,Isc,2026-02-21,200.0,225.94,Sales Epay 2025 - Sheet1.csv
,2025-02-21,$200.00,$146.52,Chelsea,General Liability,Isc,2026-02-21,200.0,146.52,Sales Epay 2025 - Sheet1.csv
GLSISTC008662125,2025-02-22,$400.00,$542.37,Mike,General Liability,,2026-02-22,400.0,542.37,Sales Epay 2025 - Sheet1.csv
ISCMR-MGL-A-0000010-00,2025-02-24,$400.00,$405.00,Cara,General Liability,,2026-02-24,400.0,405.0,Sales Epay 2025 - Sheet1.csv
,2025-02-24,$300.00,$0.00,Jmg/randall,Wc Renewal,Travelers,2026-02-24,300.0,0.0,Sales Epay 2025 - Sheet1.csv
,2025-02-24,,,,,,2026-02-24,0.0,0.0,Sales Epay 2025 - Sheet1.csv
,2025-02-24,$300.00,$0.00,Chelsea,Workers Comp,Ncci,2026-02-24,300.0,0.0,Sales Epay 2025 - Sheet1.csv
Audit ,2025-02-24,$0.00,$218.92,Jon,General Liability,Zoom,2026-02-24,0.0,218.92,Sales Epay 2025 - Sheet1.csv
Endorsement,2025-02-24,$150.00,$0.48,Clint,Class Code Gl Endors,Isc,2026-02-24,150.0,0.48,Sales Epay 2025 - Sheet1.csv
,2025-02-24,,,,,,2026-02-24,0.0,0.0,Sales Epay 2025 - Sheet1.csv
SCB-GL-000079711,2025-02-24,$250.00,$227.85,Clint,Gl Renewal,,2026-02-24,250.0,227.85,Sales Epay 2025 - Sheet1.csv
,2025-02-25,,,,,,2026-02-25,0.0,0.0,Sales Epay 2025 - Sheet1.csv
,2025-02-25,,,,,,2026-02-25,0.0,0.0,Sales Epay 2025 - Sheet1.csv
,2025-02-25,$400.00,$0.00,Mark,Workers Comp,Ncci,2026-02-25,400.0,0.0,Sales Epay 2025 - Sheet1.csv
,2025-02-25,,,,,,2026-02-25,0.0,0.0,Sales Epay 2025 - Sheet1.csv
,2025-02-25,$400.00,$0.00,Mark,Workers Comp,Njcrib,2026-02-25,400.0,0.0,Sales Epay 2025 - Sheet1.csv
Endorsement,2025-02-25,$200.00,$66.25,Grey,Gl Comp Ops Endors,Isc,2026-02-25,200.0,66.25,Sales Epay 2025 - Sheet1.csv
,2025-02-25,,,,,,2026-02-25,0.0,0.0,Sales Epay 2025 - Sheet1.csv
,2025-02-25,,,,,,2026-02-25,0.0,0.0,Sales Epay 2025 - Sheet1.csv
,2025-02-26,$340.00,$0.00,Mike,Workers Comp,Isc Wholesale,2026-02-26,340.0,0.0,Sales Epay 2025 - Sheet1.csv
2nd payment,2025-02-26,$0.00,$0.00,Mike,Gl 2nd Paymnet,Isc,2026-02-26,0.0,0.0,Sales Epay 2025 - Sheet1.csv
Audit ,2025-02-26,$0.00,$400.00,Jon,General Liability,Zoom,2026-02-26,0.0,400.0,Sales Epay 2025 - Sheet1.csv
,2025-02-26,$500.00,$443.54,Jmg/randall,Gl Renewal,Isc,2026-02-26,500.0,443.54,Sales Epay 2025 - Sheet1.csv
,2025-02-26,,,,,,2026-02-26,0.0,0.0,Sales Epay 2025 - Sheet1.csv
,2025-02-26,$299.66,$108.34,Collin,Gl Renewal,Isc,2026-02-26,299.66,108.34,Sales Epay 2025 - Sheet1.csv
,2025-02-26,$350.00,$321.65,Collin,Gl Renewal,Isc,2026-02-26,350.0,321.65,Sales Epay 2025 - Sheet1.csv
,2025-02-26,,,,,,2026-02-26,0.0,0.0,Sales Epay 2025 - Sheet1.csv
,2025-02-26,$225.00,$187.62,Jmg/randall,Gl Renewal,Isc,2026-02-26,225.0,187.62,Sales Epay 2025 - Sheet1.csv
,2025-02-26,,,,,,2026-02-26,0.0,0.0,Sales Epay 2025 - Sheet1.csv
,2025-02-26,,,,,,2026-02-26,0.0,0.0,Sales Epay 2025 - Sheet1.csv
